Categoria,Indicatore,Territorio,Periodo,Valore,Unita,Fonte,Aggiornato
Appalti,Appalti lavori (importo),Alessandria,2024-01,10160267,EUR,"ANAC (BDNCP, dataset CIG)",29/06/2026
Appalti,Appalti lavori (importo),Alessandria,2024-02,38850909,EUR,"ANAC (BDNCP, dataset CIG)",29/06/2026
Appalti,Appalti lavori (importo),Alessandria,2024-03,17114060,EUR,"ANAC (BDNCP, dataset CIG)",29/06/2026
Appalti,Appalti lavori (importo),Alessandria,2024-04,145767345,EUR,"ANAC (BDNCP, dataset CIG)",29/06/2026
Appalti,Appalti lavori (importo),Alessandria,2024-05,152885474,EUR,"ANAC (BDNCP, dataset CIG)",29/06/2026
Appalti,Appalti lavori (importo),Alessandria,2024-06,27712541,EUR,"ANAC (BDNCP, dataset CIG)",29/06/2026
Appalti,Appalti lavori (importo),Alessandria,2024-07,242842818,EUR,"ANAC (BDNCP, dataset CIG)",29/06/2026
Appalti,Appalti lavori (importo),Alessandria,2024-08,62211352,EUR,"ANAC (BDNCP, dataset CIG)",29/06/2026
Appalti,Appalti lavori (importo),Alessandria,2024-09,17188951,EUR,"ANAC (BDNCP, dataset CIG)",29/06/2026
Appalti,Appalti lavori (importo),Alessandria,2024-10,70088504,EUR,"ANAC (BDNCP, dataset CIG)",29/06/2026
Appalti,Appalti lavori (importo),Alessandria,2024-11,7999117,EUR,"ANAC (BDNCP, dataset CIG)",29/06/2026
Appalti,Appalti lavori (importo),Alessandria,2024-12,115977981,EUR,"ANAC (BDNCP, dataset CIG)",29/06/2026
Appalti,Appalti lavori (importo),Alessandria,2025-01,61671178,EUR,"ANAC (BDNCP, dataset CIG)",29/06/2026
Appalti,Appalti lavori (importo),Alessandria,2025-02,21795693,EUR,"ANAC (BDNCP, dataset CIG)",29/06/2026
Appalti,Appalti lavori (importo),Alessandria,2025-03,13263310,EUR,"ANAC (BDNCP, dataset CIG)",29/06/2026
Appalti,Appalti lavori (importo),Alessandria,2025-04,15207883,EUR,"ANAC (BDNCP, dataset CIG)",29/06/2026
Appalti,Appalti lavori (importo),Alessandria,2025-05,158256995,EUR,"ANAC (BDNCP, dataset CIG)",29/06/2026
Appalti,Appalti lavori (importo),Alessandria,2025-06,66290499,EUR,"ANAC (BDNCP, dataset CIG)",29/06/2026
Appalti,Appalti lavori (importo),Alessandria,2025-07,40061145,EUR,"ANAC (BDNCP, dataset CIG)",29/06/2026
Appalti,Appalti lavori (importo),Alessandria,2025-08,10492855,EUR,"ANAC (BDNCP, dataset CIG)",29/06/2026
Appalti,Appalti lavori (importo),Alessandria,2025-09,36723192,EUR,"ANAC (BDNCP, dataset CIG)",29/06/2026
Appalti,Appalti lavori (importo),Alessandria,2025-10,28072348,EUR,"ANAC (BDNCP, dataset CIG)",29/06/2026
Appalti,Appalti lavori (importo),Alessandria,2025-11,10130737,EUR,"ANAC (BDNCP, dataset CIG)",29/06/2026
Appalti,Appalti lavori (importo),Alessandria,2025-12,21083008,EUR,"ANAC (BDNCP, dataset CIG)",29/06/2026
Appalti,Appalti lavori (importo),Aosta,2024-01,1886250,EUR,"ANAC (BDNCP, dataset CIG)",29/06/2026
Appalti,Appalti lavori (importo),Aosta,2024-02,3746438,EUR,"ANAC (BDNCP, dataset CIG)",29/06/2026
Appalti,Appalti lavori (importo),Aosta,2024-03,20061525,EUR,"ANAC (BDNCP, dataset CIG)",29/06/2026
Appalti,Appalti lavori (importo),Aosta,2024-04,37947306,EUR,"ANAC (BDNCP, dataset CIG)",29/06/2026
Appalti,Appalti lavori (importo),Aosta,2024-05,20154458,EUR,"ANAC (BDNCP, dataset CIG)",29/06/2026
Appalti,Appalti lavori (importo),Aosta,2024-06,16802434,EUR,"ANAC (BDNCP, dataset CIG)",29/06/2026
Appalti,Appalti lavori (importo),Aosta,2024-07,27343719,EUR,"ANAC (BDNCP, dataset CIG)",29/06/2026
Appalti,Appalti lavori (importo),Aosta,2024-08,20731921,EUR,"ANAC (BDNCP, dataset CIG)",29/06/2026
Appalti,Appalti lavori (importo),Aosta,2024-09,32548772,EUR,"ANAC (BDNCP, dataset CIG)",29/06/2026
Appalti,Appalti lavori (importo),Aosta,2024-10,15342698,EUR,"ANAC (BDNCP, dataset CIG)",29/06/2026
Appalti,Appalti lavori (importo),Aosta,2024-11,21955724,EUR,"ANAC (BDNCP, dataset CIG)",29/06/2026
Appalti,Appalti lavori (importo),Aosta,2024-12,21778190,EUR,"ANAC (BDNCP, dataset CIG)",29/06/2026
Appalti,Appalti lavori (importo),Aosta,2025-01,8693582,EUR,"ANAC (BDNCP, dataset CIG)",29/06/2026
Appalti,Appalti lavori (importo),Aosta,2025-02,65015262,EUR,"ANAC (BDNCP, dataset CIG)",29/06/2026
Appalti,Appalti lavori (importo),Aosta,2025-03,152169934,EUR,"ANAC (BDNCP, dataset CIG)",29/06/2026
Appalti,Appalti lavori (importo),Aosta,2025-04,16044116,EUR,"ANAC (BDNCP, dataset CIG)",29/06/2026
Appalti,Appalti lavori (importo),Aosta,2025-05,26830801,EUR,"ANAC (BDNCP, dataset CIG)",29/06/2026
Appalti,Appalti lavori (importo),Aosta,2025-06,16072510,EUR,"ANAC (BDNCP, dataset CIG)",29/06/2026
Appalti,Appalti lavori (importo),Aosta,2025-07,91446095,EUR,"ANAC (BDNCP, dataset CIG)",29/06/2026
Appalti,Appalti lavori (importo),Aosta,2025-08,14706966,EUR,"ANAC (BDNCP, dataset CIG)",29/06/2026
Appalti,Appalti lavori (importo),Aosta,2025-09,9723744,EUR,"ANAC (BDNCP, dataset CIG)",29/06/2026
Appalti,Appalti lavori (importo),Aosta,2025-10,20391923,EUR,"ANAC (BDNCP, dataset CIG)",29/06/2026
Appalti,Appalti lavori (importo),Aosta,2025-11,19203062,EUR,"ANAC (BDNCP, dataset CIG)",29/06/2026
Appalti,Appalti lavori (importo),Aosta,2025-12,52206809,EUR,"ANAC (BDNCP, dataset CIG)",29/06/2026
Appalti,Appalti lavori (importo),Asti,2024-01,246043,EUR,"ANAC (BDNCP, dataset CIG)",29/06/2026
Appalti,Appalti lavori (importo),Asti,2024-02,817183,EUR,"ANAC (BDNCP, dataset CIG)",29/06/2026
Appalti,Appalti lavori (importo),Asti,2024-03,113059905,EUR,"ANAC (BDNCP, dataset CIG)",29/06/2026
Appalti,Appalti lavori (importo),Asti,2024-04,10382653,EUR,"ANAC (BDNCP, dataset CIG)",29/06/2026
Appalti,Appalti lavori (importo),Asti,2024-05,18958411,EUR,"ANAC (BDNCP, dataset CIG)",29/06/2026
Appalti,Appalti lavori (importo),Asti,2024-06,4064003,EUR,"ANAC (BDNCP, dataset CIG)",29/06/2026
Appalti,Appalti lavori (importo),Asti,2024-07,11804725,EUR,"ANAC (BDNCP, dataset CIG)",29/06/2026
Appalti,Appalti lavori (importo),Asti,2024-08,8376110,EUR,"ANAC (BDNCP, dataset CIG)",29/06/2026
Appalti,Appalti lavori (importo),Asti,2024-09,20950968,EUR,"ANAC (BDNCP, dataset CIG)",29/06/2026
Appalti,Appalti lavori (importo),Asti,2024-10,9445224,EUR,"ANAC (BDNCP, dataset CIG)",29/06/2026
Appalti,Appalti lavori (importo),Asti,2024-11,3370469,EUR,"ANAC (BDNCP, dataset CIG)",29/06/2026
Appalti,Appalti lavori (importo),Asti,2024-12,51240894,EUR,"ANAC (BDNCP, dataset CIG)",29/06/2026
Appalti,Appalti lavori (importo),Asti,2025-01,3186401,EUR,"ANAC (BDNCP, dataset CIG)",29/06/2026
Appalti,Appalti lavori (importo),Asti,2025-02,1771726,EUR,"ANAC (BDNCP, dataset CIG)",29/06/2026
Appalti,Appalti lavori (importo),Asti,2025-03,5334862,EUR,"ANAC (BDNCP, dataset CIG)",29/06/2026
Appalti,Appalti lavori (importo),Asti,2025-04,1912848,EUR,"ANAC (BDNCP, dataset CIG)",29/06/2026
Appalti,Appalti lavori (importo),Asti,2025-05,18621706,EUR,"ANAC (BDNCP, dataset CIG)",29/06/2026
Appalti,Appalti lavori (importo),Asti,2025-06,2911056,EUR,"ANAC (BDNCP, dataset CIG)",29/06/2026
Appalti,Appalti lavori (importo),Asti,2025-07,10102780,EUR,"ANAC (BDNCP, dataset CIG)",29/06/2026
Appalti,Appalti lavori (importo),Asti,2025-08,2318281,EUR,"ANAC (BDNCP, dataset CIG)",29/06/2026
Appalti,Appalti lavori (importo),Asti,2025-09,19098446,EUR,"ANAC (BDNCP, dataset CIG)",29/06/2026
Appalti,Appalti lavori (importo),Asti,2025-10,7503283,EUR,"ANAC (BDNCP, dataset CIG)",29/06/2026
Appalti,Appalti lavori (importo),Asti,2025-11,4701144,EUR,"ANAC (BDNCP, dataset CIG)",29/06/2026
Appalti,Appalti lavori (importo),Asti,2025-12,3961150,EUR,"ANAC (BDNCP, dataset CIG)",29/06/2026
Appalti,Appalti lavori (importo),Biella,2024-01,3925380,EUR,"ANAC (BDNCP, dataset CIG)",29/06/2026
Appalti,Appalti lavori (importo),Biella,2024-02,941893,EUR,"ANAC (BDNCP, dataset CIG)",29/06/2026
Appalti,Appalti lavori (importo),Biella,2024-03,4329685,EUR,"ANAC (BDNCP, dataset CIG)",29/06/2026
Appalti,Appalti lavori (importo),Biella,2024-04,5224197,EUR,"ANAC (BDNCP, dataset CIG)",29/06/2026
Appalti,Appalti lavori (importo),Biella,2024-05,6316172,EUR,"ANAC (BDNCP, dataset CIG)",29/06/2026
Appalti,Appalti lavori (importo),Biella,2024-06,8984455,EUR,"ANAC (BDNCP, dataset CIG)",29/06/2026
Appalti,Appalti lavori (importo),Biella,2024-07,8058327,EUR,"ANAC (BDNCP, dataset CIG)",29/06/2026
Appalti,Appalti lavori (importo),Biella,2024-08,3942485,EUR,"ANAC (BDNCP, dataset CIG)",29/06/2026
Appalti,Appalti lavori (importo),Biella,2024-09,22797315,EUR,"ANAC (BDNCP, dataset CIG)",29/06/2026
Appalti,Appalti lavori (importo),Biella,2024-10,12659758,EUR,"ANAC (BDNCP, dataset CIG)",29/06/2026
Appalti,Appalti lavori (importo),Biella,2024-11,9315716,EUR,"ANAC (BDNCP, dataset CIG)",29/06/2026
Appalti,Appalti lavori (importo),Biella,2024-12,3742151,EUR,"ANAC (BDNCP, dataset CIG)",29/06/2026
Appalti,Appalti lavori (importo),Biella,2025-01,1731924,EUR,"ANAC (BDNCP, dataset CIG)",29/06/2026
Appalti,Appalti lavori (importo),Biella,2025-02,908960,EUR,"ANAC (BDNCP, dataset CIG)",29/06/2026
Appalti,Appalti lavori (importo),Biella,2025-03,2088828,EUR,"ANAC (BDNCP, dataset CIG)",29/06/2026
Appalti,Appalti lavori (importo),Biella,2025-04,2194868,EUR,"ANAC (BDNCP, dataset CIG)",29/06/2026
Appalti,Appalti lavori (importo),Biella,2025-05,41634267,EUR,"ANAC (BDNCP, dataset CIG)",29/06/2026
Appalti,Appalti lavori (importo),Biella,2025-06,6636566,EUR,"ANAC (BDNCP, dataset CIG)",29/06/2026
Appalti,Appalti lavori (importo),Biella,2025-07,3697714,EUR,"ANAC (BDNCP, dataset CIG)",29/06/2026
Appalti,Appalti lavori (importo),Biella,2025-08,1446140,EUR,"ANAC (BDNCP, dataset CIG)",29/06/2026
Appalti,Appalti lavori (importo),Biella,2025-09,8496540,EUR,"ANAC (BDNCP, dataset CIG)",29/06/2026
Appalti,Appalti lavori (importo),Biella,2025-10,4526316,EUR,"ANAC (BDNCP, dataset CIG)",29/06/2026
Appalti,Appalti lavori (importo),Biella,2025-11,2176503,EUR,"ANAC (BDNCP, dataset CIG)",29/06/2026
Appalti,Appalti lavori (importo),Biella,2025-12,4342061,EUR,"ANAC (BDNCP, dataset CIG)",29/06/2026
Appalti,Appalti lavori (importo),Cuneo,2024-01,14788405,EUR,"ANAC (BDNCP, dataset CIG)",29/06/2026
Appalti,Appalti lavori (importo),Cuneo,2024-02,16882879,EUR,"ANAC (BDNCP, dataset CIG)",29/06/2026
Appalti,Appalti lavori (importo),Cuneo,2024-03,225877866,EUR,"ANAC (BDNCP, dataset CIG)",29/06/2026
Appalti,Appalti lavori (importo),Cuneo,2024-04,161867419,EUR,"ANAC (BDNCP, dataset CIG)",29/06/2026
Appalti,Appalti lavori (importo),Cuneo,2024-05,94586159,EUR,"ANAC (BDNCP, dataset CIG)",29/06/2026
Appalti,Appalti lavori (importo),Cuneo,2024-06,20882449,EUR,"ANAC (BDNCP, dataset CIG)",29/06/2026
Appalti,Appalti lavori (importo),Cuneo,2024-07,28396067,EUR,"ANAC (BDNCP, dataset CIG)",29/06/2026
Appalti,Appalti lavori (importo),Cuneo,2024-08,62162949,EUR,"ANAC (BDNCP, dataset CIG)",29/06/2026
Appalti,Appalti lavori (importo),Cuneo,2024-09,37942670,EUR,"ANAC (BDNCP, dataset CIG)",29/06/2026
Appalti,Appalti lavori (importo),Cuneo,2024-10,21966248,EUR,"ANAC (BDNCP, dataset CIG)",29/06/2026
Appalti,Appalti lavori (importo),Cuneo,2024-11,17979985,EUR,"ANAC (BDNCP, dataset CIG)",29/06/2026
Appalti,Appalti lavori (importo),Cuneo,2024-12,46449861,EUR,"ANAC (BDNCP, dataset CIG)",29/06/2026
Appalti,Appalti lavori (importo),Cuneo,2025-01,33455502,EUR,"ANAC (BDNCP, dataset CIG)",29/06/2026
Appalti,Appalti lavori (importo),Cuneo,2025-02,17764091,EUR,"ANAC (BDNCP, dataset CIG)",29/06/2026
Appalti,Appalti lavori (importo),Cuneo,2025-03,32665028,EUR,"ANAC (BDNCP, dataset CIG)",29/06/2026
Appalti,Appalti lavori (importo),Cuneo,2025-04,30797457,EUR,"ANAC (BDNCP, dataset CIG)",29/06/2026
Appalti,Appalti lavori (importo),Cuneo,2025-05,38991545,EUR,"ANAC (BDNCP, dataset CIG)",29/06/2026
Appalti,Appalti lavori (importo),Cuneo,2025-06,149772524,EUR,"ANAC (BDNCP, dataset CIG)",29/06/2026
Appalti,Appalti lavori (importo),Cuneo,2025-07,186424686,EUR,"ANAC (BDNCP, dataset CIG)",29/06/2026
Appalti,Appalti lavori (importo),Cuneo,2025-08,36741452,EUR,"ANAC (BDNCP, dataset CIG)",29/06/2026
Appalti,Appalti lavori (importo),Cuneo,2025-09,32944818,EUR,"ANAC (BDNCP, dataset CIG)",29/06/2026
Appalti,Appalti lavori (importo),Cuneo,2025-10,49498231,EUR,"ANAC (BDNCP, dataset CIG)",29/06/2026
Appalti,Appalti lavori (importo),Cuneo,2025-11,304958410,EUR,"ANAC (BDNCP, dataset CIG)",29/06/2026
Appalti,Appalti lavori (importo),Cuneo,2025-12,49556843,EUR,"ANAC (BDNCP, dataset CIG)",29/06/2026
Appalti,Appalti lavori (importo),Novara,2024-01,2278300,EUR,"ANAC (BDNCP, dataset CIG)",29/06/2026
Appalti,Appalti lavori (importo),Novara,2024-02,16751177,EUR,"ANAC (BDNCP, dataset CIG)",29/06/2026
Appalti,Appalti lavori (importo),Novara,2024-03,123483319,EUR,"ANAC (BDNCP, dataset CIG)",29/06/2026
Appalti,Appalti lavori (importo),Novara,2024-04,8525231,EUR,"ANAC (BDNCP, dataset CIG)",29/06/2026
Appalti,Appalti lavori (importo),Novara,2024-05,7720228,EUR,"ANAC (BDNCP, dataset CIG)",29/06/2026
Appalti,Appalti lavori (importo),Novara,2024-06,63211067,EUR,"ANAC (BDNCP, dataset CIG)",29/06/2026
Appalti,Appalti lavori (importo),Novara,2024-07,21251991,EUR,"ANAC (BDNCP, dataset CIG)",29/06/2026
Appalti,Appalti lavori (importo),Novara,2024-08,73249543,EUR,"ANAC (BDNCP, dataset CIG)",29/06/2026
Appalti,Appalti lavori (importo),Novara,2024-09,35606617,EUR,"ANAC (BDNCP, dataset CIG)",29/06/2026
Appalti,Appalti lavori (importo),Novara,2024-10,13673608,EUR,"ANAC (BDNCP, dataset CIG)",29/06/2026
Appalti,Appalti lavori (importo),Novara,2024-11,11072486,EUR,"ANAC (BDNCP, dataset CIG)",29/06/2026
Appalti,Appalti lavori (importo),Novara,2024-12,48878693,EUR,"ANAC (BDNCP, dataset CIG)",29/06/2026
Appalti,Appalti lavori (importo),Novara,2025-01,7823658,EUR,"ANAC (BDNCP, dataset CIG)",29/06/2026
Appalti,Appalti lavori (importo),Novara,2025-02,87469746,EUR,"ANAC (BDNCP, dataset CIG)",29/06/2026
Appalti,Appalti lavori (importo),Novara,2025-03,7304164,EUR,"ANAC (BDNCP, dataset CIG)",29/06/2026
Appalti,Appalti lavori (importo),Novara,2025-04,54566975,EUR,"ANAC (BDNCP, dataset CIG)",29/06/2026
Appalti,Appalti lavori (importo),Novara,2025-05,24753983,EUR,"ANAC (BDNCP, dataset CIG)",29/06/2026
Appalti,Appalti lavori (importo),Novara,2025-06,117001416,EUR,"ANAC (BDNCP, dataset CIG)",29/06/2026
Appalti,Appalti lavori (importo),Novara,2025-07,48882841,EUR,"ANAC (BDNCP, dataset CIG)",29/06/2026
Appalti,Appalti lavori (importo),Novara,2025-08,9554107,EUR,"ANAC (BDNCP, dataset CIG)",29/06/2026
Appalti,Appalti lavori (importo),Novara,2025-09,39365478,EUR,"ANAC (BDNCP, dataset CIG)",29/06/2026
Appalti,Appalti lavori (importo),Novara,2025-10,32712515,EUR,"ANAC (BDNCP, dataset CIG)",29/06/2026
Appalti,Appalti lavori (importo),Novara,2025-11,127194226,EUR,"ANAC (BDNCP, dataset CIG)",29/06/2026
Appalti,Appalti lavori (importo),Novara,2025-12,31497259,EUR,"ANAC (BDNCP, dataset CIG)",29/06/2026
Appalti,Appalti lavori (importo),Piemonte,2024-01,281729365,EUR,"ANAC (BDNCP, dataset CIG)",29/06/2026
Appalti,Appalti lavori (importo),Piemonte,2024-02,1998903701,EUR,"ANAC (BDNCP, dataset CIG)",29/06/2026
Appalti,Appalti lavori (importo),Piemonte,2024-03,2294837244,EUR,"ANAC (BDNCP, dataset CIG)",29/06/2026
Appalti,Appalti lavori (importo),Piemonte,2024-04,4318894522,EUR,"ANAC (BDNCP, dataset CIG)",29/06/2026
Appalti,Appalti lavori (importo),Piemonte,2024-05,536998519,EUR,"ANAC (BDNCP, dataset CIG)",29/06/2026
Appalti,Appalti lavori (importo),Piemonte,2024-06,2889683113,EUR,"ANAC (BDNCP, dataset CIG)",29/06/2026
Appalti,Appalti lavori (importo),Piemonte,2024-07,842951625,EUR,"ANAC (BDNCP, dataset CIG)",29/06/2026
Appalti,Appalti lavori (importo),Piemonte,2024-08,560074951,EUR,"ANAC (BDNCP, dataset CIG)",29/06/2026
Appalti,Appalti lavori (importo),Piemonte,2024-09,6429154328,EUR,"ANAC (BDNCP, dataset CIG)",29/06/2026
Appalti,Appalti lavori (importo),Piemonte,2024-10,2824057117,EUR,"ANAC (BDNCP, dataset CIG)",29/06/2026
Appalti,Appalti lavori (importo),Piemonte,2024-11,327755064,EUR,"ANAC (BDNCP, dataset CIG)",29/06/2026
Appalti,Appalti lavori (importo),Piemonte,2024-12,736238107,EUR,"ANAC (BDNCP, dataset CIG)",29/06/2026
Appalti,Appalti lavori (importo),Piemonte,2025-01,181581996,EUR,"ANAC (BDNCP, dataset CIG)",29/06/2026
Appalti,Appalti lavori (importo),Piemonte,2025-02,252451487,EUR,"ANAC (BDNCP, dataset CIG)",29/06/2026
Appalti,Appalti lavori (importo),Piemonte,2025-03,878813119,EUR,"ANAC (BDNCP, dataset CIG)",29/06/2026
Appalti,Appalti lavori (importo),Piemonte,2025-04,723209331,EUR,"ANAC (BDNCP, dataset CIG)",29/06/2026
Appalti,Appalti lavori (importo),Piemonte,2025-05,965567786,EUR,"ANAC (BDNCP, dataset CIG)",29/06/2026
Appalti,Appalti lavori (importo),Piemonte,2025-06,957990207,EUR,"ANAC (BDNCP, dataset CIG)",29/06/2026
Appalti,Appalti lavori (importo),Piemonte,2025-07,1117013876,EUR,"ANAC (BDNCP, dataset CIG)",29/06/2026
Appalti,Appalti lavori (importo),Piemonte,2025-08,278096596,EUR,"ANAC (BDNCP, dataset CIG)",29/06/2026
Appalti,Appalti lavori (importo),Piemonte,2025-09,537948353,EUR,"ANAC (BDNCP, dataset CIG)",29/06/2026
Appalti,Appalti lavori (importo),Piemonte,2025-10,393937957,EUR,"ANAC (BDNCP, dataset CIG)",29/06/2026
Appalti,Appalti lavori (importo),Piemonte,2025-11,983260640,EUR,"ANAC (BDNCP, dataset CIG)",29/06/2026
Appalti,Appalti lavori (importo),Piemonte,2025-12,825783815,EUR,"ANAC (BDNCP, dataset CIG)",29/06/2026
Appalti,Appalti lavori (importo),Piemonte e Valle d'Aosta,2024-01,283615615,EUR,"ANAC (BDNCP, dataset CIG)",29/06/2026
Appalti,Appalti lavori (importo),Piemonte e Valle d'Aosta,2024-02,2002650139,EUR,"ANAC (BDNCP, dataset CIG)",29/06/2026
Appalti,Appalti lavori (importo),Piemonte e Valle d'Aosta,2024-03,2314898769,EUR,"ANAC (BDNCP, dataset CIG)",29/06/2026
Appalti,Appalti lavori (importo),Piemonte e Valle d'Aosta,2024-04,4356841828,EUR,"ANAC (BDNCP, dataset CIG)",29/06/2026
Appalti,Appalti lavori (importo),Piemonte e Valle d'Aosta,2024-05,557152977,EUR,"ANAC (BDNCP, dataset CIG)",29/06/2026
Appalti,Appalti lavori (importo),Piemonte e Valle d'Aosta,2024-06,2906485547,EUR,"ANAC (BDNCP, dataset CIG)",29/06/2026
Appalti,Appalti lavori (importo),Piemonte e Valle d'Aosta,2024-07,870295344,EUR,"ANAC (BDNCP, dataset CIG)",29/06/2026
Appalti,Appalti lavori (importo),Piemonte e Valle d'Aosta,2024-08,580806873,EUR,"ANAC (BDNCP, dataset CIG)",29/06/2026
Appalti,Appalti lavori (importo),Piemonte e Valle d'Aosta,2024-09,6461703100,EUR,"ANAC (BDNCP, dataset CIG)",29/06/2026
Appalti,Appalti lavori (importo),Piemonte e Valle d'Aosta,2024-10,2839399815,EUR,"ANAC (BDNCP, dataset CIG)",29/06/2026
Appalti,Appalti lavori (importo),Piemonte e Valle d'Aosta,2024-11,349710787,EUR,"ANAC (BDNCP, dataset CIG)",29/06/2026
Appalti,Appalti lavori (importo),Piemonte e Valle d'Aosta,2024-12,758016298,EUR,"ANAC (BDNCP, dataset CIG)",29/06/2026
Appalti,Appalti lavori (importo),Piemonte e Valle d'Aosta,2025-01,190275578,EUR,"ANAC (BDNCP, dataset CIG)",29/06/2026
Appalti,Appalti lavori (importo),Piemonte e Valle d'Aosta,2025-02,317466749,EUR,"ANAC (BDNCP, dataset CIG)",29/06/2026
Appalti,Appalti lavori (importo),Piemonte e Valle d'Aosta,2025-03,1030983053,EUR,"ANAC (BDNCP, dataset CIG)",29/06/2026
Appalti,Appalti lavori (importo),Piemonte e Valle d'Aosta,2025-04,739253448,EUR,"ANAC (BDNCP, dataset CIG)",29/06/2026
Appalti,Appalti lavori (importo),Piemonte e Valle d'Aosta,2025-05,992398587,EUR,"ANAC (BDNCP, dataset CIG)",29/06/2026
Appalti,Appalti lavori (importo),Piemonte e Valle d'Aosta,2025-06,974062717,EUR,"ANAC (BDNCP, dataset CIG)",29/06/2026
Appalti,Appalti lavori (importo),Piemonte e Valle d'Aosta,2025-07,1208459971,EUR,"ANAC (BDNCP, dataset CIG)",29/06/2026
Appalti,Appalti lavori (importo),Piemonte e Valle d'Aosta,2025-08,292803562,EUR,"ANAC (BDNCP, dataset CIG)",29/06/2026
Appalti,Appalti lavori (importo),Piemonte e Valle d'Aosta,2025-09,547672097,EUR,"ANAC (BDNCP, dataset CIG)",29/06/2026
Appalti,Appalti lavori (importo),Piemonte e Valle d'Aosta,2025-10,414329881,EUR,"ANAC (BDNCP, dataset CIG)",29/06/2026
Appalti,Appalti lavori (importo),Piemonte e Valle d'Aosta,2025-11,1002463702,EUR,"ANAC (BDNCP, dataset CIG)",29/06/2026
Appalti,Appalti lavori (importo),Piemonte e Valle d'Aosta,2025-12,877990624,EUR,"ANAC (BDNCP, dataset CIG)",29/06/2026
Appalti,Appalti lavori (importo),Torino,2024-01,236251736,EUR,"ANAC (BDNCP, dataset CIG)",29/06/2026
Appalti,Appalti lavori (importo),Torino,2024-02,1916042182,EUR,"ANAC (BDNCP, dataset CIG)",29/06/2026
Appalti,Appalti lavori (importo),Torino,2024-03,1780998304,EUR,"ANAC (BDNCP, dataset CIG)",29/06/2026
Appalti,Appalti lavori (importo),Torino,2024-04,3961124263,EUR,"ANAC (BDNCP, dataset CIG)",29/06/2026
Appalti,Appalti lavori (importo),Torino,2024-05,248117021,EUR,"ANAC (BDNCP, dataset CIG)",29/06/2026
Appalti,Appalti lavori (importo),Torino,2024-06,2751588923,EUR,"ANAC (BDNCP, dataset CIG)",29/06/2026
Appalti,Appalti lavori (importo),Torino,2024-07,504413771,EUR,"ANAC (BDNCP, dataset CIG)",29/06/2026
Appalti,Appalti lavori (importo),Torino,2024-08,207893733,EUR,"ANAC (BDNCP, dataset CIG)",29/06/2026
Appalti,Appalti lavori (importo),Torino,2024-09,6272200252,EUR,"ANAC (BDNCP, dataset CIG)",29/06/2026
Appalti,Appalti lavori (importo),Torino,2024-10,2672272396,EUR,"ANAC (BDNCP, dataset CIG)",29/06/2026
Appalti,Appalti lavori (importo),Torino,2024-11,257895015,EUR,"ANAC (BDNCP, dataset CIG)",29/06/2026
Appalti,Appalti lavori (importo),Torino,2024-12,243081846,EUR,"ANAC (BDNCP, dataset CIG)",29/06/2026
Appalti,Appalti lavori (importo),Torino,2025-01,61295838,EUR,"ANAC (BDNCP, dataset CIG)",29/06/2026
Appalti,Appalti lavori (importo),Torino,2025-02,115114219,EUR,"ANAC (BDNCP, dataset CIG)",29/06/2026
Appalti,Appalti lavori (importo),Torino,2025-03,101870357,EUR,"ANAC (BDNCP, dataset CIG)",29/06/2026
Appalti,Appalti lavori (importo),Torino,2025-04,579002997,EUR,"ANAC (BDNCP, dataset CIG)",29/06/2026
Appalti,Appalti lavori (importo),Torino,2025-05,670881937,EUR,"ANAC (BDNCP, dataset CIG)",29/06/2026
Appalti,Appalti lavori (importo),Torino,2025-06,588741661,EUR,"ANAC (BDNCP, dataset CIG)",29/06/2026
Appalti,Appalti lavori (importo),Torino,2025-07,812332064,EUR,"ANAC (BDNCP, dataset CIG)",29/06/2026
Appalti,Appalti lavori (importo),Torino,2025-08,156391239,EUR,"ANAC (BDNCP, dataset CIG)",29/06/2026
Appalti,Appalti lavori (importo),Torino,2025-09,386034837,EUR,"ANAC (BDNCP, dataset CIG)",29/06/2026
Appalti,Appalti lavori (importo),Torino,2025-10,263919164,EUR,"ANAC (BDNCP, dataset CIG)",29/06/2026
Appalti,Appalti lavori (importo),Torino,2025-11,398798641,EUR,"ANAC (BDNCP, dataset CIG)",29/06/2026
Appalti,Appalti lavori (importo),Torino,2025-12,649107995,EUR,"ANAC (BDNCP, dataset CIG)",29/06/2026
Appalti,Appalti lavori (importo),Verbania,2024-01,9891294,EUR,"ANAC (BDNCP, dataset CIG)",29/06/2026
Appalti,Appalti lavori (importo),Verbania,2024-02,4778264,EUR,"ANAC (BDNCP, dataset CIG)",29/06/2026
Appalti,Appalti lavori (importo),Verbania,2024-03,26093856,EUR,"ANAC (BDNCP, dataset CIG)",29/06/2026
Appalti,Appalti lavori (importo),Verbania,2024-04,13088112,EUR,"ANAC (BDNCP, dataset CIG)",29/06/2026
Appalti,Appalti lavori (importo),Verbania,2024-05,3949713,EUR,"ANAC (BDNCP, dataset CIG)",29/06/2026
Appalti,Appalti lavori (importo),Verbania,2024-06,8626365,EUR,"ANAC (BDNCP, dataset CIG)",29/06/2026
Appalti,Appalti lavori (importo),Verbania,2024-07,18895717,EUR,"ANAC (BDNCP, dataset CIG)",29/06/2026
Appalti,Appalti lavori (importo),Verbania,2024-08,121196610,EUR,"ANAC (BDNCP, dataset CIG)",29/06/2026
Appalti,Appalti lavori (importo),Verbania,2024-09,4048935,EUR,"ANAC (BDNCP, dataset CIG)",29/06/2026
Appalti,Appalti lavori (importo),Verbania,2024-10,5038862,EUR,"ANAC (BDNCP, dataset CIG)",29/06/2026
Appalti,Appalti lavori (importo),Verbania,2024-11,3146441,EUR,"ANAC (BDNCP, dataset CIG)",29/06/2026
Appalti,Appalti lavori (importo),Verbania,2024-12,22886237,EUR,"ANAC (BDNCP, dataset CIG)",29/06/2026
Appalti,Appalti lavori (importo),Verbania,2025-01,7946918,EUR,"ANAC (BDNCP, dataset CIG)",29/06/2026
Appalti,Appalti lavori (importo),Verbania,2025-02,2599936,EUR,"ANAC (BDNCP, dataset CIG)",29/06/2026
Appalti,Appalti lavori (importo),Verbania,2025-03,2641173,EUR,"ANAC (BDNCP, dataset CIG)",29/06/2026
Appalti,Appalti lavori (importo),Verbania,2025-04,8394275,EUR,"ANAC (BDNCP, dataset CIG)",29/06/2026
Appalti,Appalti lavori (importo),Verbania,2025-05,3971379,EUR,"ANAC (BDNCP, dataset CIG)",29/06/2026
Appalti,Appalti lavori (importo),Verbania,2025-06,8996441,EUR,"ANAC (BDNCP, dataset CIG)",29/06/2026
Appalti,Appalti lavori (importo),Verbania,2025-07,7792006,EUR,"ANAC (BDNCP, dataset CIG)",29/06/2026
Appalti,Appalti lavori (importo),Verbania,2025-08,11282276,EUR,"ANAC (BDNCP, dataset CIG)",29/06/2026
Appalti,Appalti lavori (importo),Verbania,2025-09,8802052,EUR,"ANAC (BDNCP, dataset CIG)",29/06/2026
Appalti,Appalti lavori (importo),Verbania,2025-10,5186896,EUR,"ANAC (BDNCP, dataset CIG)",29/06/2026
Appalti,Appalti lavori (importo),Verbania,2025-11,127311536,EUR,"ANAC (BDNCP, dataset CIG)",29/06/2026
Appalti,Appalti lavori (importo),Verbania,2025-12,60153619,EUR,"ANAC (BDNCP, dataset CIG)",29/06/2026
Appalti,Appalti lavori (importo),Vercelli,2024-01,4187939,EUR,"ANAC (BDNCP, dataset CIG)",29/06/2026
Appalti,Appalti lavori (importo),Vercelli,2024-02,3839214,EUR,"ANAC (BDNCP, dataset CIG)",29/06/2026
Appalti,Appalti lavori (importo),Vercelli,2024-03,3880248,EUR,"ANAC (BDNCP, dataset CIG)",29/06/2026
Appalti,Appalti lavori (importo),Vercelli,2024-04,12915302,EUR,"ANAC (BDNCP, dataset CIG)",29/06/2026
Appalti,Appalti lavori (importo),Vercelli,2024-05,4465340,EUR,"ANAC (BDNCP, dataset CIG)",29/06/2026
Appalti,Appalti lavori (importo),Vercelli,2024-06,4613310,EUR,"ANAC (BDNCP, dataset CIG)",29/06/2026
Appalti,Appalti lavori (importo),Vercelli,2024-07,7288210,EUR,"ANAC (BDNCP, dataset CIG)",29/06/2026
Appalti,Appalti lavori (importo),Vercelli,2024-08,21042170,EUR,"ANAC (BDNCP, dataset CIG)",29/06/2026
Appalti,Appalti lavori (importo),Vercelli,2024-09,18418620,EUR,"ANAC (BDNCP, dataset CIG)",29/06/2026
Appalti,Appalti lavori (importo),Vercelli,2024-10,18912516,EUR,"ANAC (BDNCP, dataset CIG)",29/06/2026
Appalti,Appalti lavori (importo),Vercelli,2024-11,16975835,EUR,"ANAC (BDNCP, dataset CIG)",29/06/2026
Appalti,Appalti lavori (importo),Vercelli,2024-12,203980445,EUR,"ANAC (BDNCP, dataset CIG)",29/06/2026
Appalti,Appalti lavori (importo),Vercelli,2025-01,4470578,EUR,"ANAC (BDNCP, dataset CIG)",29/06/2026
Appalti,Appalti lavori (importo),Vercelli,2025-02,5027116,EUR,"ANAC (BDNCP, dataset CIG)",29/06/2026
Appalti,Appalti lavori (importo),Vercelli,2025-03,713645397,EUR,"ANAC (BDNCP, dataset CIG)",29/06/2026
Appalti,Appalti lavori (importo),Vercelli,2025-04,31132028,EUR,"ANAC (BDNCP, dataset CIG)",29/06/2026
Appalti,Appalti lavori (importo),Vercelli,2025-05,8455974,EUR,"ANAC (BDNCP, dataset CIG)",29/06/2026
Appalti,Appalti lavori (importo),Vercelli,2025-06,17640044,EUR,"ANAC (BDNCP, dataset CIG)",29/06/2026
Appalti,Appalti lavori (importo),Vercelli,2025-07,7720640,EUR,"ANAC (BDNCP, dataset CIG)",29/06/2026
Appalti,Appalti lavori (importo),Vercelli,2025-08,49870247,EUR,"ANAC (BDNCP, dataset CIG)",29/06/2026
Appalti,Appalti lavori (importo),Vercelli,2025-09,6482990,EUR,"ANAC (BDNCP, dataset CIG)",29/06/2026
Appalti,Appalti lavori (importo),Vercelli,2025-10,2519204,EUR,"ANAC (BDNCP, dataset CIG)",29/06/2026
Appalti,Appalti lavori (importo),Vercelli,2025-11,7989444,EUR,"ANAC (BDNCP, dataset CIG)",29/06/2026
Appalti,Appalti lavori (importo),Vercelli,2025-12,6081881,EUR,"ANAC (BDNCP, dataset CIG)",29/06/2026
Appalti,Appalti lavori (numero),Alessandria,2024-01,41,gare,"ANAC (BDNCP, dataset CIG)",29/06/2026
Appalti,Appalti lavori (numero),Alessandria,2024-02,83,gare,"ANAC (BDNCP, dataset CIG)",29/06/2026
Appalti,Appalti lavori (numero),Alessandria,2024-03,94,gare,"ANAC (BDNCP, dataset CIG)",29/06/2026
Appalti,Appalti lavori (numero),Alessandria,2024-04,160,gare,"ANAC (BDNCP, dataset CIG)",29/06/2026
Appalti,Appalti lavori (numero),Alessandria,2024-05,186,gare,"ANAC (BDNCP, dataset CIG)",29/06/2026
Appalti,Appalti lavori (numero),Alessandria,2024-06,117,gare,"ANAC (BDNCP, dataset CIG)",29/06/2026
Appalti,Appalti lavori (numero),Alessandria,2024-07,158,gare,"ANAC (BDNCP, dataset CIG)",29/06/2026
Appalti,Appalti lavori (numero),Alessandria,2024-08,83,gare,"ANAC (BDNCP, dataset CIG)",29/06/2026
Appalti,Appalti lavori (numero),Alessandria,2024-09,216,gare,"ANAC (BDNCP, dataset CIG)",29/06/2026
Appalti,Appalti lavori (numero),Alessandria,2024-10,130,gare,"ANAC (BDNCP, dataset CIG)",29/06/2026
Appalti,Appalti lavori (numero),Alessandria,2024-11,99,gare,"ANAC (BDNCP, dataset CIG)",29/06/2026
Appalti,Appalti lavori (numero),Alessandria,2024-12,194,gare,"ANAC (BDNCP, dataset CIG)",29/06/2026
Appalti,Appalti lavori (numero),Alessandria,2025-01,50,gare,"ANAC (BDNCP, dataset CIG)",29/06/2026
Appalti,Appalti lavori (numero),Alessandria,2025-02,74,gare,"ANAC (BDNCP, dataset CIG)",29/06/2026
Appalti,Appalti lavori (numero),Alessandria,2025-03,83,gare,"ANAC (BDNCP, dataset CIG)",29/06/2026
Appalti,Appalti lavori (numero),Alessandria,2025-04,145,gare,"ANAC (BDNCP, dataset CIG)",29/06/2026
Appalti,Appalti lavori (numero),Alessandria,2025-05,139,gare,"ANAC (BDNCP, dataset CIG)",29/06/2026
Appalti,Appalti lavori (numero),Alessandria,2025-06,119,gare,"ANAC (BDNCP, dataset CIG)",29/06/2026
Appalti,Appalti lavori (numero),Alessandria,2025-07,159,gare,"ANAC (BDNCP, dataset CIG)",29/06/2026
Appalti,Appalti lavori (numero),Alessandria,2025-08,81,gare,"ANAC (BDNCP, dataset CIG)",29/06/2026
Appalti,Appalti lavori (numero),Alessandria,2025-09,112,gare,"ANAC (BDNCP, dataset CIG)",29/06/2026
Appalti,Appalti lavori (numero),Alessandria,2025-10,165,gare,"ANAC (BDNCP, dataset CIG)",29/06/2026
Appalti,Appalti lavori (numero),Alessandria,2025-11,132,gare,"ANAC (BDNCP, dataset CIG)",29/06/2026
Appalti,Appalti lavori (numero),Alessandria,2025-12,282,gare,"ANAC (BDNCP, dataset CIG)",29/06/2026
Appalti,Appalti lavori (numero),Aosta,2024-01,2,gare,"ANAC (BDNCP, dataset CIG)",29/06/2026
Appalti,Appalti lavori (numero),Aosta,2024-02,38,gare,"ANAC (BDNCP, dataset CIG)",29/06/2026
Appalti,Appalti lavori (numero),Aosta,2024-03,52,gare,"ANAC (BDNCP, dataset CIG)",29/06/2026
Appalti,Appalti lavori (numero),Aosta,2024-04,46,gare,"ANAC (BDNCP, dataset CIG)",29/06/2026
Appalti,Appalti lavori (numero),Aosta,2024-05,87,gare,"ANAC (BDNCP, dataset CIG)",29/06/2026
Appalti,Appalti lavori (numero),Aosta,2024-06,90,gare,"ANAC (BDNCP, dataset CIG)",29/06/2026
Appalti,Appalti lavori (numero),Aosta,2024-07,160,gare,"ANAC (BDNCP, dataset CIG)",29/06/2026
Appalti,Appalti lavori (numero),Aosta,2024-08,145,gare,"ANAC (BDNCP, dataset CIG)",29/06/2026
Appalti,Appalti lavori (numero),Aosta,2024-09,180,gare,"ANAC (BDNCP, dataset CIG)",29/06/2026
Appalti,Appalti lavori (numero),Aosta,2024-10,154,gare,"ANAC (BDNCP, dataset CIG)",29/06/2026
Appalti,Appalti lavori (numero),Aosta,2024-11,135,gare,"ANAC (BDNCP, dataset CIG)",29/06/2026
Appalti,Appalti lavori (numero),Aosta,2024-12,194,gare,"ANAC (BDNCP, dataset CIG)",29/06/2026
Appalti,Appalti lavori (numero),Aosta,2025-01,32,gare,"ANAC (BDNCP, dataset CIG)",29/06/2026
Appalti,Appalti lavori (numero),Aosta,2025-02,42,gare,"ANAC (BDNCP, dataset CIG)",29/06/2026
Appalti,Appalti lavori (numero),Aosta,2025-03,81,gare,"ANAC (BDNCP, dataset CIG)",29/06/2026
Appalti,Appalti lavori (numero),Aosta,2025-04,112,gare,"ANAC (BDNCP, dataset CIG)",29/06/2026
Appalti,Appalti lavori (numero),Aosta,2025-05,208,gare,"ANAC (BDNCP, dataset CIG)",29/06/2026
Appalti,Appalti lavori (numero),Aosta,2025-06,169,gare,"ANAC (BDNCP, dataset CIG)",29/06/2026
Appalti,Appalti lavori (numero),Aosta,2025-07,172,gare,"ANAC (BDNCP, dataset CIG)",29/06/2026
Appalti,Appalti lavori (numero),Aosta,2025-08,106,gare,"ANAC (BDNCP, dataset CIG)",29/06/2026
Appalti,Appalti lavori (numero),Aosta,2025-09,109,gare,"ANAC (BDNCP, dataset CIG)",29/06/2026
Appalti,Appalti lavori (numero),Aosta,2025-10,136,gare,"ANAC (BDNCP, dataset CIG)",29/06/2026
Appalti,Appalti lavori (numero),Aosta,2025-11,113,gare,"ANAC (BDNCP, dataset CIG)",29/06/2026
Appalti,Appalti lavori (numero),Aosta,2025-12,208,gare,"ANAC (BDNCP, dataset CIG)",29/06/2026
Appalti,Appalti lavori (numero),Asti,2024-01,11,gare,"ANAC (BDNCP, dataset CIG)",29/06/2026
Appalti,Appalti lavori (numero),Asti,2024-02,20,gare,"ANAC (BDNCP, dataset CIG)",29/06/2026
Appalti,Appalti lavori (numero),Asti,2024-03,54,gare,"ANAC (BDNCP, dataset CIG)",29/06/2026
Appalti,Appalti lavori (numero),Asti,2024-04,51,gare,"ANAC (BDNCP, dataset CIG)",29/06/2026
Appalti,Appalti lavori (numero),Asti,2024-05,121,gare,"ANAC (BDNCP, dataset CIG)",29/06/2026
Appalti,Appalti lavori (numero),Asti,2024-06,48,gare,"ANAC (BDNCP, dataset CIG)",29/06/2026
Appalti,Appalti lavori (numero),Asti,2024-07,71,gare,"ANAC (BDNCP, dataset CIG)",29/06/2026
Appalti,Appalti lavori (numero),Asti,2024-08,47,gare,"ANAC (BDNCP, dataset CIG)",29/06/2026
Appalti,Appalti lavori (numero),Asti,2024-09,160,gare,"ANAC (BDNCP, dataset CIG)",29/06/2026
Appalti,Appalti lavori (numero),Asti,2024-10,57,gare,"ANAC (BDNCP, dataset CIG)",29/06/2026
Appalti,Appalti lavori (numero),Asti,2024-11,64,gare,"ANAC (BDNCP, dataset CIG)",29/06/2026
Appalti,Appalti lavori (numero),Asti,2024-12,89,gare,"ANAC (BDNCP, dataset CIG)",29/06/2026
Appalti,Appalti lavori (numero),Asti,2025-01,31,gare,"ANAC (BDNCP, dataset CIG)",29/06/2026
Appalti,Appalti lavori (numero),Asti,2025-02,25,gare,"ANAC (BDNCP, dataset CIG)",29/06/2026
Appalti,Appalti lavori (numero),Asti,2025-03,28,gare,"ANAC (BDNCP, dataset CIG)",29/06/2026
Appalti,Appalti lavori (numero),Asti,2025-04,50,gare,"ANAC (BDNCP, dataset CIG)",29/06/2026
Appalti,Appalti lavori (numero),Asti,2025-05,36,gare,"ANAC (BDNCP, dataset CIG)",29/06/2026
Appalti,Appalti lavori (numero),Asti,2025-06,45,gare,"ANAC (BDNCP, dataset CIG)",29/06/2026
Appalti,Appalti lavori (numero),Asti,2025-07,47,gare,"ANAC (BDNCP, dataset CIG)",29/06/2026
Appalti,Appalti lavori (numero),Asti,2025-08,33,gare,"ANAC (BDNCP, dataset CIG)",29/06/2026
Appalti,Appalti lavori (numero),Asti,2025-09,72,gare,"ANAC (BDNCP, dataset CIG)",29/06/2026
Appalti,Appalti lavori (numero),Asti,2025-10,72,gare,"ANAC (BDNCP, dataset CIG)",29/06/2026
Appalti,Appalti lavori (numero),Asti,2025-11,43,gare,"ANAC (BDNCP, dataset CIG)",29/06/2026
Appalti,Appalti lavori (numero),Asti,2025-12,82,gare,"ANAC (BDNCP, dataset CIG)",29/06/2026
Appalti,Appalti lavori (numero),Biella,2024-01,13,gare,"ANAC (BDNCP, dataset CIG)",29/06/2026
Appalti,Appalti lavori (numero),Biella,2024-02,28,gare,"ANAC (BDNCP, dataset CIG)",29/06/2026
Appalti,Appalti lavori (numero),Biella,2024-03,31,gare,"ANAC (BDNCP, dataset CIG)",29/06/2026
Appalti,Appalti lavori (numero),Biella,2024-04,69,gare,"ANAC (BDNCP, dataset CIG)",29/06/2026
Appalti,Appalti lavori (numero),Biella,2024-05,92,gare,"ANAC (BDNCP, dataset CIG)",29/06/2026
Appalti,Appalti lavori (numero),Biella,2024-06,34,gare,"ANAC (BDNCP, dataset CIG)",29/06/2026
Appalti,Appalti lavori (numero),Biella,2024-07,63,gare,"ANAC (BDNCP, dataset CIG)",29/06/2026
Appalti,Appalti lavori (numero),Biella,2024-08,44,gare,"ANAC (BDNCP, dataset CIG)",29/06/2026
Appalti,Appalti lavori (numero),Biella,2024-09,107,gare,"ANAC (BDNCP, dataset CIG)",29/06/2026
Appalti,Appalti lavori (numero),Biella,2024-10,55,gare,"ANAC (BDNCP, dataset CIG)",29/06/2026
Appalti,Appalti lavori (numero),Biella,2024-11,43,gare,"ANAC (BDNCP, dataset CIG)",29/06/2026
Appalti,Appalti lavori (numero),Biella,2024-12,88,gare,"ANAC (BDNCP, dataset CIG)",29/06/2026
Appalti,Appalti lavori (numero),Biella,2025-01,26,gare,"ANAC (BDNCP, dataset CIG)",29/06/2026
Appalti,Appalti lavori (numero),Biella,2025-02,26,gare,"ANAC (BDNCP, dataset CIG)",29/06/2026
Appalti,Appalti lavori (numero),Biella,2025-03,23,gare,"ANAC (BDNCP, dataset CIG)",29/06/2026
Appalti,Appalti lavori (numero),Biella,2025-04,40,gare,"ANAC (BDNCP, dataset CIG)",29/06/2026
Appalti,Appalti lavori (numero),Biella,2025-05,56,gare,"ANAC (BDNCP, dataset CIG)",29/06/2026
Appalti,Appalti lavori (numero),Biella,2025-06,73,gare,"ANAC (BDNCP, dataset CIG)",29/06/2026
Appalti,Appalti lavori (numero),Biella,2025-07,58,gare,"ANAC (BDNCP, dataset CIG)",29/06/2026
Appalti,Appalti lavori (numero),Biella,2025-08,34,gare,"ANAC (BDNCP, dataset CIG)",29/06/2026
Appalti,Appalti lavori (numero),Biella,2025-09,46,gare,"ANAC (BDNCP, dataset CIG)",29/06/2026
Appalti,Appalti lavori (numero),Biella,2025-10,51,gare,"ANAC (BDNCP, dataset CIG)",29/06/2026
Appalti,Appalti lavori (numero),Biella,2025-11,39,gare,"ANAC (BDNCP, dataset CIG)",29/06/2026
Appalti,Appalti lavori (numero),Biella,2025-12,106,gare,"ANAC (BDNCP, dataset CIG)",29/06/2026
Appalti,Appalti lavori (numero),Cuneo,2024-01,53,gare,"ANAC (BDNCP, dataset CIG)",29/06/2026
Appalti,Appalti lavori (numero),Cuneo,2024-02,96,gare,"ANAC (BDNCP, dataset CIG)",29/06/2026
Appalti,Appalti lavori (numero),Cuneo,2024-03,126,gare,"ANAC (BDNCP, dataset CIG)",29/06/2026
Appalti,Appalti lavori (numero),Cuneo,2024-04,221,gare,"ANAC (BDNCP, dataset CIG)",29/06/2026
Appalti,Appalti lavori (numero),Cuneo,2024-05,381,gare,"ANAC (BDNCP, dataset CIG)",29/06/2026
Appalti,Appalti lavori (numero),Cuneo,2024-06,199,gare,"ANAC (BDNCP, dataset CIG)",29/06/2026
Appalti,Appalti lavori (numero),Cuneo,2024-07,195,gare,"ANAC (BDNCP, dataset CIG)",29/06/2026
Appalti,Appalti lavori (numero),Cuneo,2024-08,180,gare,"ANAC (BDNCP, dataset CIG)",29/06/2026
Appalti,Appalti lavori (numero),Cuneo,2024-09,370,gare,"ANAC (BDNCP, dataset CIG)",29/06/2026
Appalti,Appalti lavori (numero),Cuneo,2024-10,234,gare,"ANAC (BDNCP, dataset CIG)",29/06/2026
Appalti,Appalti lavori (numero),Cuneo,2024-11,203,gare,"ANAC (BDNCP, dataset CIG)",29/06/2026
Appalti,Appalti lavori (numero),Cuneo,2024-12,320,gare,"ANAC (BDNCP, dataset CIG)",29/06/2026
Appalti,Appalti lavori (numero),Cuneo,2025-01,158,gare,"ANAC (BDNCP, dataset CIG)",29/06/2026
Appalti,Appalti lavori (numero),Cuneo,2025-02,140,gare,"ANAC (BDNCP, dataset CIG)",29/06/2026
Appalti,Appalti lavori (numero),Cuneo,2025-03,157,gare,"ANAC (BDNCP, dataset CIG)",29/06/2026
Appalti,Appalti lavori (numero),Cuneo,2025-04,181,gare,"ANAC (BDNCP, dataset CIG)",29/06/2026
Appalti,Appalti lavori (numero),Cuneo,2025-05,229,gare,"ANAC (BDNCP, dataset CIG)",29/06/2026
Appalti,Appalti lavori (numero),Cuneo,2025-06,256,gare,"ANAC (BDNCP, dataset CIG)",29/06/2026
Appalti,Appalti lavori (numero),Cuneo,2025-07,222,gare,"ANAC (BDNCP, dataset CIG)",29/06/2026
Appalti,Appalti lavori (numero),Cuneo,2025-08,171,gare,"ANAC (BDNCP, dataset CIG)",29/06/2026
Appalti,Appalti lavori (numero),Cuneo,2025-09,234,gare,"ANAC (BDNCP, dataset CIG)",29/06/2026
Appalti,Appalti lavori (numero),Cuneo,2025-10,263,gare,"ANAC (BDNCP, dataset CIG)",29/06/2026
Appalti,Appalti lavori (numero),Cuneo,2025-11,231,gare,"ANAC (BDNCP, dataset CIG)",29/06/2026
Appalti,Appalti lavori (numero),Cuneo,2025-12,416,gare,"ANAC (BDNCP, dataset CIG)",29/06/2026
Appalti,Appalti lavori (numero),Novara,2024-01,24,gare,"ANAC (BDNCP, dataset CIG)",29/06/2026
Appalti,Appalti lavori (numero),Novara,2024-02,56,gare,"ANAC (BDNCP, dataset CIG)",29/06/2026
Appalti,Appalti lavori (numero),Novara,2024-03,54,gare,"ANAC (BDNCP, dataset CIG)",29/06/2026
Appalti,Appalti lavori (numero),Novara,2024-04,70,gare,"ANAC (BDNCP, dataset CIG)",29/06/2026
Appalti,Appalti lavori (numero),Novara,2024-05,106,gare,"ANAC (BDNCP, dataset CIG)",29/06/2026
Appalti,Appalti lavori (numero),Novara,2024-06,78,gare,"ANAC (BDNCP, dataset CIG)",29/06/2026
Appalti,Appalti lavori (numero),Novara,2024-07,125,gare,"ANAC (BDNCP, dataset CIG)",29/06/2026
Appalti,Appalti lavori (numero),Novara,2024-08,79,gare,"ANAC (BDNCP, dataset CIG)",29/06/2026
Appalti,Appalti lavori (numero),Novara,2024-09,129,gare,"ANAC (BDNCP, dataset CIG)",29/06/2026
Appalti,Appalti lavori (numero),Novara,2024-10,123,gare,"ANAC (BDNCP, dataset CIG)",29/06/2026
Appalti,Appalti lavori (numero),Novara,2024-11,115,gare,"ANAC (BDNCP, dataset CIG)",29/06/2026
Appalti,Appalti lavori (numero),Novara,2024-12,196,gare,"ANAC (BDNCP, dataset CIG)",29/06/2026
Appalti,Appalti lavori (numero),Novara,2025-01,73,gare,"ANAC (BDNCP, dataset CIG)",29/06/2026
Appalti,Appalti lavori (numero),Novara,2025-02,97,gare,"ANAC (BDNCP, dataset CIG)",29/06/2026
Appalti,Appalti lavori (numero),Novara,2025-03,82,gare,"ANAC (BDNCP, dataset CIG)",29/06/2026
Appalti,Appalti lavori (numero),Novara,2025-04,69,gare,"ANAC (BDNCP, dataset CIG)",29/06/2026
Appalti,Appalti lavori (numero),Novara,2025-05,82,gare,"ANAC (BDNCP, dataset CIG)",29/06/2026
Appalti,Appalti lavori (numero),Novara,2025-06,93,gare,"ANAC (BDNCP, dataset CIG)",29/06/2026
Appalti,Appalti lavori (numero),Novara,2025-07,128,gare,"ANAC (BDNCP, dataset CIG)",29/06/2026
Appalti,Appalti lavori (numero),Novara,2025-08,67,gare,"ANAC (BDNCP, dataset CIG)",29/06/2026
Appalti,Appalti lavori (numero),Novara,2025-09,129,gare,"ANAC (BDNCP, dataset CIG)",29/06/2026
Appalti,Appalti lavori (numero),Novara,2025-10,142,gare,"ANAC (BDNCP, dataset CIG)",29/06/2026
Appalti,Appalti lavori (numero),Novara,2025-11,101,gare,"ANAC (BDNCP, dataset CIG)",29/06/2026
Appalti,Appalti lavori (numero),Novara,2025-12,225,gare,"ANAC (BDNCP, dataset CIG)",29/06/2026
Appalti,Appalti lavori (numero),Piemonte,2024-01,283,gare,"ANAC (BDNCP, dataset CIG)",29/06/2026
Appalti,Appalti lavori (numero),Piemonte,2024-02,581,gare,"ANAC (BDNCP, dataset CIG)",29/06/2026
Appalti,Appalti lavori (numero),Piemonte,2024-03,675,gare,"ANAC (BDNCP, dataset CIG)",29/06/2026
Appalti,Appalti lavori (numero),Piemonte,2024-04,1017,gare,"ANAC (BDNCP, dataset CIG)",29/06/2026
Appalti,Appalti lavori (numero),Piemonte,2024-05,1531,gare,"ANAC (BDNCP, dataset CIG)",29/06/2026
Appalti,Appalti lavori (numero),Piemonte,2024-06,912,gare,"ANAC (BDNCP, dataset CIG)",29/06/2026
Appalti,Appalti lavori (numero),Piemonte,2024-07,1124,gare,"ANAC (BDNCP, dataset CIG)",29/06/2026
Appalti,Appalti lavori (numero),Piemonte,2024-08,756,gare,"ANAC (BDNCP, dataset CIG)",29/06/2026
Appalti,Appalti lavori (numero),Piemonte,2024-09,1703,gare,"ANAC (BDNCP, dataset CIG)",29/06/2026
Appalti,Appalti lavori (numero),Piemonte,2024-10,1215,gare,"ANAC (BDNCP, dataset CIG)",29/06/2026
Appalti,Appalti lavori (numero),Piemonte,2024-11,1074,gare,"ANAC (BDNCP, dataset CIG)",29/06/2026
Appalti,Appalti lavori (numero),Piemonte,2024-12,1748,gare,"ANAC (BDNCP, dataset CIG)",29/06/2026
Appalti,Appalti lavori (numero),Piemonte,2025-01,648,gare,"ANAC (BDNCP, dataset CIG)",29/06/2026
Appalti,Appalti lavori (numero),Piemonte,2025-02,717,gare,"ANAC (BDNCP, dataset CIG)",29/06/2026
Appalti,Appalti lavori (numero),Piemonte,2025-03,736,gare,"ANAC (BDNCP, dataset CIG)",29/06/2026
Appalti,Appalti lavori (numero),Piemonte,2025-04,916,gare,"ANAC (BDNCP, dataset CIG)",29/06/2026
Appalti,Appalti lavori (numero),Piemonte,2025-05,1187,gare,"ANAC (BDNCP, dataset CIG)",29/06/2026
Appalti,Appalti lavori (numero),Piemonte,2025-06,1191,gare,"ANAC (BDNCP, dataset CIG)",29/06/2026
Appalti,Appalti lavori (numero),Piemonte,2025-07,1264,gare,"ANAC (BDNCP, dataset CIG)",29/06/2026
Appalti,Appalti lavori (numero),Piemonte,2025-08,756,gare,"ANAC (BDNCP, dataset CIG)",29/06/2026
Appalti,Appalti lavori (numero),Piemonte,2025-09,1130,gare,"ANAC (BDNCP, dataset CIG)",29/06/2026
Appalti,Appalti lavori (numero),Piemonte,2025-10,1302,gare,"ANAC (BDNCP, dataset CIG)",29/06/2026
Appalti,Appalti lavori (numero),Piemonte,2025-11,1086,gare,"ANAC (BDNCP, dataset CIG)",29/06/2026
Appalti,Appalti lavori (numero),Piemonte,2025-12,2091,gare,"ANAC (BDNCP, dataset CIG)",29/06/2026
Appalti,Appalti lavori (numero),Piemonte e Valle d'Aosta,2024-01,285,gare,"ANAC (BDNCP, dataset CIG)",29/06/2026
Appalti,Appalti lavori (numero),Piemonte e Valle d'Aosta,2024-02,619,gare,"ANAC (BDNCP, dataset CIG)",29/06/2026
Appalti,Appalti lavori (numero),Piemonte e Valle d'Aosta,2024-03,727,gare,"ANAC (BDNCP, dataset CIG)",29/06/2026
Appalti,Appalti lavori (numero),Piemonte e Valle d'Aosta,2024-04,1063,gare,"ANAC (BDNCP, dataset CIG)",29/06/2026
Appalti,Appalti lavori (numero),Piemonte e Valle d'Aosta,2024-05,1618,gare,"ANAC (BDNCP, dataset CIG)",29/06/2026
Appalti,Appalti lavori (numero),Piemonte e Valle d'Aosta,2024-06,1002,gare,"ANAC (BDNCP, dataset CIG)",29/06/2026
Appalti,Appalti lavori (numero),Piemonte e Valle d'Aosta,2024-07,1284,gare,"ANAC (BDNCP, dataset CIG)",29/06/2026
Appalti,Appalti lavori (numero),Piemonte e Valle d'Aosta,2024-08,901,gare,"ANAC (BDNCP, dataset CIG)",29/06/2026
Appalti,Appalti lavori (numero),Piemonte e Valle d'Aosta,2024-09,1883,gare,"ANAC (BDNCP, dataset CIG)",29/06/2026
Appalti,Appalti lavori (numero),Piemonte e Valle d'Aosta,2024-10,1369,gare,"ANAC (BDNCP, dataset CIG)",29/06/2026
Appalti,Appalti lavori (numero),Piemonte e Valle d'Aosta,2024-11,1209,gare,"ANAC (BDNCP, dataset CIG)",29/06/2026
Appalti,Appalti lavori (numero),Piemonte e Valle d'Aosta,2024-12,1942,gare,"ANAC (BDNCP, dataset CIG)",29/06/2026
Appalti,Appalti lavori (numero),Piemonte e Valle d'Aosta,2025-01,680,gare,"ANAC (BDNCP, dataset CIG)",29/06/2026
Appalti,Appalti lavori (numero),Piemonte e Valle d'Aosta,2025-02,759,gare,"ANAC (BDNCP, dataset CIG)",29/06/2026
Appalti,Appalti lavori (numero),Piemonte e Valle d'Aosta,2025-03,817,gare,"ANAC (BDNCP, dataset CIG)",29/06/2026
Appalti,Appalti lavori (numero),Piemonte e Valle d'Aosta,2025-04,1028,gare,"ANAC (BDNCP, dataset CIG)",29/06/2026
Appalti,Appalti lavori (numero),Piemonte e Valle d'Aosta,2025-05,1395,gare,"ANAC (BDNCP, dataset CIG)",29/06/2026
Appalti,Appalti lavori (numero),Piemonte e Valle d'Aosta,2025-06,1360,gare,"ANAC (BDNCP, dataset CIG)",29/06/2026
Appalti,Appalti lavori (numero),Piemonte e Valle d'Aosta,2025-07,1436,gare,"ANAC (BDNCP, dataset CIG)",29/06/2026
Appalti,Appalti lavori (numero),Piemonte e Valle d'Aosta,2025-08,862,gare,"ANAC (BDNCP, dataset CIG)",29/06/2026
Appalti,Appalti lavori (numero),Piemonte e Valle d'Aosta,2025-09,1239,gare,"ANAC (BDNCP, dataset CIG)",29/06/2026
Appalti,Appalti lavori (numero),Piemonte e Valle d'Aosta,2025-10,1438,gare,"ANAC (BDNCP, dataset CIG)",29/06/2026
Appalti,Appalti lavori (numero),Piemonte e Valle d'Aosta,2025-11,1199,gare,"ANAC (BDNCP, dataset CIG)",29/06/2026
Appalti,Appalti lavori (numero),Piemonte e Valle d'Aosta,2025-12,2299,gare,"ANAC (BDNCP, dataset CIG)",29/06/2026
Appalti,Appalti lavori (numero),Torino,2024-01,100,gare,"ANAC (BDNCP, dataset CIG)",29/06/2026
Appalti,Appalti lavori (numero),Torino,2024-02,224,gare,"ANAC (BDNCP, dataset CIG)",29/06/2026
Appalti,Appalti lavori (numero),Torino,2024-03,238,gare,"ANAC (BDNCP, dataset CIG)",29/06/2026
Appalti,Appalti lavori (numero),Torino,2024-04,319,gare,"ANAC (BDNCP, dataset CIG)",29/06/2026
Appalti,Appalti lavori (numero),Torino,2024-05,451,gare,"ANAC (BDNCP, dataset CIG)",29/06/2026
Appalti,Appalti lavori (numero),Torino,2024-06,334,gare,"ANAC (BDNCP, dataset CIG)",29/06/2026
Appalti,Appalti lavori (numero),Torino,2024-07,369,gare,"ANAC (BDNCP, dataset CIG)",29/06/2026
Appalti,Appalti lavori (numero),Torino,2024-08,251,gare,"ANAC (BDNCP, dataset CIG)",29/06/2026
Appalti,Appalti lavori (numero),Torino,2024-09,506,gare,"ANAC (BDNCP, dataset CIG)",29/06/2026
Appalti,Appalti lavori (numero),Torino,2024-10,448,gare,"ANAC (BDNCP, dataset CIG)",29/06/2026
Appalti,Appalti lavori (numero),Torino,2024-11,416,gare,"ANAC (BDNCP, dataset CIG)",29/06/2026
Appalti,Appalti lavori (numero),Torino,2024-12,623,gare,"ANAC (BDNCP, dataset CIG)",29/06/2026
Appalti,Appalti lavori (numero),Torino,2025-01,231,gare,"ANAC (BDNCP, dataset CIG)",29/06/2026
Appalti,Appalti lavori (numero),Torino,2025-02,257,gare,"ANAC (BDNCP, dataset CIG)",29/06/2026
Appalti,Appalti lavori (numero),Torino,2025-03,273,gare,"ANAC (BDNCP, dataset CIG)",29/06/2026
Appalti,Appalti lavori (numero),Torino,2025-04,316,gare,"ANAC (BDNCP, dataset CIG)",29/06/2026
Appalti,Appalti lavori (numero),Torino,2025-05,475,gare,"ANAC (BDNCP, dataset CIG)",29/06/2026
Appalti,Appalti lavori (numero),Torino,2025-06,452,gare,"ANAC (BDNCP, dataset CIG)",29/06/2026
Appalti,Appalti lavori (numero),Torino,2025-07,517,gare,"ANAC (BDNCP, dataset CIG)",29/06/2026
Appalti,Appalti lavori (numero),Torino,2025-08,286,gare,"ANAC (BDNCP, dataset CIG)",29/06/2026
Appalti,Appalti lavori (numero),Torino,2025-09,408,gare,"ANAC (BDNCP, dataset CIG)",29/06/2026
Appalti,Appalti lavori (numero),Torino,2025-10,457,gare,"ANAC (BDNCP, dataset CIG)",29/06/2026
Appalti,Appalti lavori (numero),Torino,2025-11,402,gare,"ANAC (BDNCP, dataset CIG)",29/06/2026
Appalti,Appalti lavori (numero),Torino,2025-12,727,gare,"ANAC (BDNCP, dataset CIG)",29/06/2026
Appalti,Appalti lavori (numero),Verbania,2024-01,24,gare,"ANAC (BDNCP, dataset CIG)",29/06/2026
Appalti,Appalti lavori (numero),Verbania,2024-02,54,gare,"ANAC (BDNCP, dataset CIG)",29/06/2026
Appalti,Appalti lavori (numero),Verbania,2024-03,33,gare,"ANAC (BDNCP, dataset CIG)",29/06/2026
Appalti,Appalti lavori (numero),Verbania,2024-04,73,gare,"ANAC (BDNCP, dataset CIG)",29/06/2026
Appalti,Appalti lavori (numero),Verbania,2024-05,97,gare,"ANAC (BDNCP, dataset CIG)",29/06/2026
Appalti,Appalti lavori (numero),Verbania,2024-06,58,gare,"ANAC (BDNCP, dataset CIG)",29/06/2026
Appalti,Appalti lavori (numero),Verbania,2024-07,65,gare,"ANAC (BDNCP, dataset CIG)",29/06/2026
Appalti,Appalti lavori (numero),Verbania,2024-08,41,gare,"ANAC (BDNCP, dataset CIG)",29/06/2026
Appalti,Appalti lavori (numero),Verbania,2024-09,104,gare,"ANAC (BDNCP, dataset CIG)",29/06/2026
Appalti,Appalti lavori (numero),Verbania,2024-10,87,gare,"ANAC (BDNCP, dataset CIG)",29/06/2026
Appalti,Appalti lavori (numero),Verbania,2024-11,60,gare,"ANAC (BDNCP, dataset CIG)",29/06/2026
Appalti,Appalti lavori (numero),Verbania,2024-12,130,gare,"ANAC (BDNCP, dataset CIG)",29/06/2026
Appalti,Appalti lavori (numero),Verbania,2025-01,37,gare,"ANAC (BDNCP, dataset CIG)",29/06/2026
Appalti,Appalti lavori (numero),Verbania,2025-02,62,gare,"ANAC (BDNCP, dataset CIG)",29/06/2026
Appalti,Appalti lavori (numero),Verbania,2025-03,51,gare,"ANAC (BDNCP, dataset CIG)",29/06/2026
Appalti,Appalti lavori (numero),Verbania,2025-04,71,gare,"ANAC (BDNCP, dataset CIG)",29/06/2026
Appalti,Appalti lavori (numero),Verbania,2025-05,87,gare,"ANAC (BDNCP, dataset CIG)",29/06/2026
Appalti,Appalti lavori (numero),Verbania,2025-06,90,gare,"ANAC (BDNCP, dataset CIG)",29/06/2026
Appalti,Appalti lavori (numero),Verbania,2025-07,64,gare,"ANAC (BDNCP, dataset CIG)",29/06/2026
Appalti,Appalti lavori (numero),Verbania,2025-08,46,gare,"ANAC (BDNCP, dataset CIG)",29/06/2026
Appalti,Appalti lavori (numero),Verbania,2025-09,64,gare,"ANAC (BDNCP, dataset CIG)",29/06/2026
Appalti,Appalti lavori (numero),Verbania,2025-10,88,gare,"ANAC (BDNCP, dataset CIG)",29/06/2026
Appalti,Appalti lavori (numero),Verbania,2025-11,76,gare,"ANAC (BDNCP, dataset CIG)",29/06/2026
Appalti,Appalti lavori (numero),Verbania,2025-12,131,gare,"ANAC (BDNCP, dataset CIG)",29/06/2026
Appalti,Appalti lavori (numero),Vercelli,2024-01,17,gare,"ANAC (BDNCP, dataset CIG)",29/06/2026
Appalti,Appalti lavori (numero),Vercelli,2024-02,20,gare,"ANAC (BDNCP, dataset CIG)",29/06/2026
Appalti,Appalti lavori (numero),Vercelli,2024-03,45,gare,"ANAC (BDNCP, dataset CIG)",29/06/2026
Appalti,Appalti lavori (numero),Vercelli,2024-04,54,gare,"ANAC (BDNCP, dataset CIG)",29/06/2026
Appalti,Appalti lavori (numero),Vercelli,2024-05,97,gare,"ANAC (BDNCP, dataset CIG)",29/06/2026
Appalti,Appalti lavori (numero),Vercelli,2024-06,44,gare,"ANAC (BDNCP, dataset CIG)",29/06/2026
Appalti,Appalti lavori (numero),Vercelli,2024-07,78,gare,"ANAC (BDNCP, dataset CIG)",29/06/2026
Appalti,Appalti lavori (numero),Vercelli,2024-08,31,gare,"ANAC (BDNCP, dataset CIG)",29/06/2026
Appalti,Appalti lavori (numero),Vercelli,2024-09,111,gare,"ANAC (BDNCP, dataset CIG)",29/06/2026
Appalti,Appalti lavori (numero),Vercelli,2024-10,81,gare,"ANAC (BDNCP, dataset CIG)",29/06/2026
Appalti,Appalti lavori (numero),Vercelli,2024-11,74,gare,"ANAC (BDNCP, dataset CIG)",29/06/2026
Appalti,Appalti lavori (numero),Vercelli,2024-12,108,gare,"ANAC (BDNCP, dataset CIG)",29/06/2026
Appalti,Appalti lavori (numero),Vercelli,2025-01,42,gare,"ANAC (BDNCP, dataset CIG)",29/06/2026
Appalti,Appalti lavori (numero),Vercelli,2025-02,36,gare,"ANAC (BDNCP, dataset CIG)",29/06/2026
Appalti,Appalti lavori (numero),Vercelli,2025-03,39,gare,"ANAC (BDNCP, dataset CIG)",29/06/2026
Appalti,Appalti lavori (numero),Vercelli,2025-04,44,gare,"ANAC (BDNCP, dataset CIG)",29/06/2026
Appalti,Appalti lavori (numero),Vercelli,2025-05,83,gare,"ANAC (BDNCP, dataset CIG)",29/06/2026
Appalti,Appalti lavori (numero),Vercelli,2025-06,63,gare,"ANAC (BDNCP, dataset CIG)",29/06/2026
Appalti,Appalti lavori (numero),Vercelli,2025-07,69,gare,"ANAC (BDNCP, dataset CIG)",29/06/2026
Appalti,Appalti lavori (numero),Vercelli,2025-08,38,gare,"ANAC (BDNCP, dataset CIG)",29/06/2026
Appalti,Appalti lavori (numero),Vercelli,2025-09,65,gare,"ANAC (BDNCP, dataset CIG)",29/06/2026
Appalti,Appalti lavori (numero),Vercelli,2025-10,64,gare,"ANAC (BDNCP, dataset CIG)",29/06/2026
Appalti,Appalti lavori (numero),Vercelli,2025-11,62,gare,"ANAC (BDNCP, dataset CIG)",29/06/2026
Appalti,Appalti lavori (numero),Vercelli,2025-12,122,gare,"ANAC (BDNCP, dataset CIG)",29/06/2026
Appalti,Appalti progettazione (importo),Alessandria,2024-01,15857,EUR,"ANAC (BDNCP, dataset CIG)",29/06/2026
Appalti,Appalti progettazione (importo),Alessandria,2024-02,730894,EUR,"ANAC (BDNCP, dataset CIG)",29/06/2026
Appalti,Appalti progettazione (importo),Alessandria,2024-03,182185,EUR,"ANAC (BDNCP, dataset CIG)",29/06/2026
Appalti,Appalti progettazione (importo),Alessandria,2024-04,39409,EUR,"ANAC (BDNCP, dataset CIG)",29/06/2026
Appalti,Appalti progettazione (importo),Alessandria,2024-05,582732,EUR,"ANAC (BDNCP, dataset CIG)",29/06/2026
Appalti,Appalti progettazione (importo),Alessandria,2024-06,13276542,EUR,"ANAC (BDNCP, dataset CIG)",29/06/2026
Appalti,Appalti progettazione (importo),Alessandria,2024-07,13448599,EUR,"ANAC (BDNCP, dataset CIG)",29/06/2026
Appalti,Appalti progettazione (importo),Alessandria,2024-08,14635859,EUR,"ANAC (BDNCP, dataset CIG)",29/06/2026
Appalti,Appalti progettazione (importo),Alessandria,2024-09,13022184,EUR,"ANAC (BDNCP, dataset CIG)",29/06/2026
Appalti,Appalti progettazione (importo),Alessandria,2024-10,14693026,EUR,"ANAC (BDNCP, dataset CIG)",29/06/2026
Appalti,Appalti progettazione (importo),Alessandria,2024-11,4956720,EUR,"ANAC (BDNCP, dataset CIG)",29/06/2026
Appalti,Appalti progettazione (importo),Alessandria,2024-12,1850101,EUR,"ANAC (BDNCP, dataset CIG)",29/06/2026
Appalti,Appalti progettazione (importo),Alessandria,2025-01,1266154,EUR,"ANAC (BDNCP, dataset CIG)",29/06/2026
Appalti,Appalti progettazione (importo),Alessandria,2025-02,1329098,EUR,"ANAC (BDNCP, dataset CIG)",29/06/2026
Appalti,Appalti progettazione (importo),Alessandria,2025-03,1069922,EUR,"ANAC (BDNCP, dataset CIG)",29/06/2026
Appalti,Appalti progettazione (importo),Alessandria,2025-04,4659016,EUR,"ANAC (BDNCP, dataset CIG)",29/06/2026
Appalti,Appalti progettazione (importo),Alessandria,2025-05,1373800,EUR,"ANAC (BDNCP, dataset CIG)",29/06/2026
Appalti,Appalti progettazione (importo),Alessandria,2025-06,1852942,EUR,"ANAC (BDNCP, dataset CIG)",29/06/2026
Appalti,Appalti progettazione (importo),Alessandria,2025-07,1487107,EUR,"ANAC (BDNCP, dataset CIG)",29/06/2026
Appalti,Appalti progettazione (importo),Alessandria,2025-08,530938,EUR,"ANAC (BDNCP, dataset CIG)",29/06/2026
Appalti,Appalti progettazione (importo),Alessandria,2025-09,906682,EUR,"ANAC (BDNCP, dataset CIG)",29/06/2026
Appalti,Appalti progettazione (importo),Alessandria,2025-10,1959999,EUR,"ANAC (BDNCP, dataset CIG)",29/06/2026
Appalti,Appalti progettazione (importo),Alessandria,2025-11,1884576,EUR,"ANAC (BDNCP, dataset CIG)",29/06/2026
Appalti,Appalti progettazione (importo),Alessandria,2025-12,2535531,EUR,"ANAC (BDNCP, dataset CIG)",29/06/2026
Appalti,Appalti progettazione (importo),Aosta,2024-01,20000,EUR,"ANAC (BDNCP, dataset CIG)",29/06/2026
Appalti,Appalti progettazione (importo),Aosta,2024-02,1261745,EUR,"ANAC (BDNCP, dataset CIG)",29/06/2026
Appalti,Appalti progettazione (importo),Aosta,2024-03,703824,EUR,"ANAC (BDNCP, dataset CIG)",29/06/2026
Appalti,Appalti progettazione (importo),Aosta,2024-04,1140696,EUR,"ANAC (BDNCP, dataset CIG)",29/06/2026
Appalti,Appalti progettazione (importo),Aosta,2024-05,23103,EUR,"ANAC (BDNCP, dataset CIG)",29/06/2026
Appalti,Appalti progettazione (importo),Aosta,2024-06,3849740,EUR,"ANAC (BDNCP, dataset CIG)",29/06/2026
Appalti,Appalti progettazione (importo),Aosta,2024-07,7005257,EUR,"ANAC (BDNCP, dataset CIG)",29/06/2026
Appalti,Appalti progettazione (importo),Aosta,2024-08,2416201,EUR,"ANAC (BDNCP, dataset CIG)",29/06/2026
Appalti,Appalti progettazione (importo),Aosta,2024-09,8929967,EUR,"ANAC (BDNCP, dataset CIG)",29/06/2026
Appalti,Appalti progettazione (importo),Aosta,2024-10,23302366,EUR,"ANAC (BDNCP, dataset CIG)",29/06/2026
Appalti,Appalti progettazione (importo),Aosta,2024-11,2932834,EUR,"ANAC (BDNCP, dataset CIG)",29/06/2026
Appalti,Appalti progettazione (importo),Aosta,2024-12,5956523,EUR,"ANAC (BDNCP, dataset CIG)",29/06/2026
Appalti,Appalti progettazione (importo),Aosta,2025-01,2297299,EUR,"ANAC (BDNCP, dataset CIG)",29/06/2026
Appalti,Appalti progettazione (importo),Aosta,2025-02,1439882,EUR,"ANAC (BDNCP, dataset CIG)",29/06/2026
Appalti,Appalti progettazione (importo),Aosta,2025-03,3129526,EUR,"ANAC (BDNCP, dataset CIG)",29/06/2026
Appalti,Appalti progettazione (importo),Aosta,2025-04,3533949,EUR,"ANAC (BDNCP, dataset CIG)",29/06/2026
Appalti,Appalti progettazione (importo),Aosta,2025-05,3829513,EUR,"ANAC (BDNCP, dataset CIG)",29/06/2026
Appalti,Appalti progettazione (importo),Aosta,2025-06,5176190,EUR,"ANAC (BDNCP, dataset CIG)",29/06/2026
Appalti,Appalti progettazione (importo),Aosta,2025-07,5468785,EUR,"ANAC (BDNCP, dataset CIG)",29/06/2026
Appalti,Appalti progettazione (importo),Aosta,2025-08,2705251,EUR,"ANAC (BDNCP, dataset CIG)",29/06/2026
Appalti,Appalti progettazione (importo),Aosta,2025-09,2968929,EUR,"ANAC (BDNCP, dataset CIG)",29/06/2026
Appalti,Appalti progettazione (importo),Aosta,2025-10,5688892,EUR,"ANAC (BDNCP, dataset CIG)",29/06/2026
Appalti,Appalti progettazione (importo),Aosta,2025-11,4985151,EUR,"ANAC (BDNCP, dataset CIG)",29/06/2026
Appalti,Appalti progettazione (importo),Aosta,2025-12,15039528,EUR,"ANAC (BDNCP, dataset CIG)",29/06/2026
Appalti,Appalti progettazione (importo),Asti,2024-01,37457,EUR,"ANAC (BDNCP, dataset CIG)",29/06/2026
Appalti,Appalti progettazione (importo),Asti,2024-02,146692,EUR,"ANAC (BDNCP, dataset CIG)",29/06/2026
Appalti,Appalti progettazione (importo),Asti,2024-03,40193,EUR,"ANAC (BDNCP, dataset CIG)",29/06/2026
Appalti,Appalti progettazione (importo),Asti,2024-04,295405,EUR,"ANAC (BDNCP, dataset CIG)",29/06/2026
Appalti,Appalti progettazione (importo),Asti,2024-05,43170,EUR,"ANAC (BDNCP, dataset CIG)",29/06/2026
Appalti,Appalti progettazione (importo),Asti,2024-06,295320,EUR,"ANAC (BDNCP, dataset CIG)",29/06/2026
Appalti,Appalti progettazione (importo),Asti,2024-07,707210,EUR,"ANAC (BDNCP, dataset CIG)",29/06/2026
Appalti,Appalti progettazione (importo),Asti,2024-08,505724,EUR,"ANAC (BDNCP, dataset CIG)",29/06/2026
Appalti,Appalti progettazione (importo),Asti,2024-09,1285902,EUR,"ANAC (BDNCP, dataset CIG)",29/06/2026
Appalti,Appalti progettazione (importo),Asti,2024-10,2041470,EUR,"ANAC (BDNCP, dataset CIG)",29/06/2026
Appalti,Appalti progettazione (importo),Asti,2024-11,345525,EUR,"ANAC (BDNCP, dataset CIG)",29/06/2026
Appalti,Appalti progettazione (importo),Asti,2024-12,424382,EUR,"ANAC (BDNCP, dataset CIG)",29/06/2026
Appalti,Appalti progettazione (importo),Asti,2025-01,456040,EUR,"ANAC (BDNCP, dataset CIG)",29/06/2026
Appalti,Appalti progettazione (importo),Asti,2025-02,578209,EUR,"ANAC (BDNCP, dataset CIG)",29/06/2026
Appalti,Appalti progettazione (importo),Asti,2025-03,547897,EUR,"ANAC (BDNCP, dataset CIG)",29/06/2026
Appalti,Appalti progettazione (importo),Asti,2025-04,661646,EUR,"ANAC (BDNCP, dataset CIG)",29/06/2026
Appalti,Appalti progettazione (importo),Asti,2025-05,1192294,EUR,"ANAC (BDNCP, dataset CIG)",29/06/2026
Appalti,Appalti progettazione (importo),Asti,2025-06,790502,EUR,"ANAC (BDNCP, dataset CIG)",29/06/2026
Appalti,Appalti progettazione (importo),Asti,2025-07,652111,EUR,"ANAC (BDNCP, dataset CIG)",29/06/2026
Appalti,Appalti progettazione (importo),Asti,2025-08,509784,EUR,"ANAC (BDNCP, dataset CIG)",29/06/2026
Appalti,Appalti progettazione (importo),Asti,2025-09,355489,EUR,"ANAC (BDNCP, dataset CIG)",29/06/2026
Appalti,Appalti progettazione (importo),Asti,2025-10,284015,EUR,"ANAC (BDNCP, dataset CIG)",29/06/2026
Appalti,Appalti progettazione (importo),Asti,2025-11,387678,EUR,"ANAC (BDNCP, dataset CIG)",29/06/2026
Appalti,Appalti progettazione (importo),Asti,2025-12,865668,EUR,"ANAC (BDNCP, dataset CIG)",29/06/2026
Appalti,Appalti progettazione (importo),Biella,2024-02,78081,EUR,"ANAC (BDNCP, dataset CIG)",29/06/2026
Appalti,Appalti progettazione (importo),Biella,2024-03,28517,EUR,"ANAC (BDNCP, dataset CIG)",29/06/2026
Appalti,Appalti progettazione (importo),Biella,2024-04,210000,EUR,"ANAC (BDNCP, dataset CIG)",29/06/2026
Appalti,Appalti progettazione (importo),Biella,2024-05,14900,EUR,"ANAC (BDNCP, dataset CIG)",29/06/2026
Appalti,Appalti progettazione (importo),Biella,2024-06,45022,EUR,"ANAC (BDNCP, dataset CIG)",29/06/2026
Appalti,Appalti progettazione (importo),Biella,2024-07,2102171,EUR,"ANAC (BDNCP, dataset CIG)",29/06/2026
Appalti,Appalti progettazione (importo),Biella,2024-08,175576,EUR,"ANAC (BDNCP, dataset CIG)",29/06/2026
Appalti,Appalti progettazione (importo),Biella,2024-09,8361383,EUR,"ANAC (BDNCP, dataset CIG)",29/06/2026
Appalti,Appalti progettazione (importo),Biella,2024-10,713653,EUR,"ANAC (BDNCP, dataset CIG)",29/06/2026
Appalti,Appalti progettazione (importo),Biella,2024-11,8898282,EUR,"ANAC (BDNCP, dataset CIG)",29/06/2026
Appalti,Appalti progettazione (importo),Biella,2024-12,35366309,EUR,"ANAC (BDNCP, dataset CIG)",29/06/2026
Appalti,Appalti progettazione (importo),Biella,2025-01,140308,EUR,"ANAC (BDNCP, dataset CIG)",29/06/2026
Appalti,Appalti progettazione (importo),Biella,2025-02,148581,EUR,"ANAC (BDNCP, dataset CIG)",29/06/2026
Appalti,Appalti progettazione (importo),Biella,2025-03,358566,EUR,"ANAC (BDNCP, dataset CIG)",29/06/2026
Appalti,Appalti progettazione (importo),Biella,2025-04,673222,EUR,"ANAC (BDNCP, dataset CIG)",29/06/2026
Appalti,Appalti progettazione (importo),Biella,2025-05,1226816,EUR,"ANAC (BDNCP, dataset CIG)",29/06/2026
Appalti,Appalti progettazione (importo),Biella,2025-06,288189,EUR,"ANAC (BDNCP, dataset CIG)",29/06/2026
Appalti,Appalti progettazione (importo),Biella,2025-07,267403,EUR,"ANAC (BDNCP, dataset CIG)",29/06/2026
Appalti,Appalti progettazione (importo),Biella,2025-08,325727,EUR,"ANAC (BDNCP, dataset CIG)",29/06/2026
Appalti,Appalti progettazione (importo),Biella,2025-09,229895,EUR,"ANAC (BDNCP, dataset CIG)",29/06/2026
Appalti,Appalti progettazione (importo),Biella,2025-10,660600,EUR,"ANAC (BDNCP, dataset CIG)",29/06/2026
Appalti,Appalti progettazione (importo),Biella,2025-11,285625,EUR,"ANAC (BDNCP, dataset CIG)",29/06/2026
Appalti,Appalti progettazione (importo),Biella,2025-12,2908588,EUR,"ANAC (BDNCP, dataset CIG)",29/06/2026
Appalti,Appalti progettazione (importo),Cuneo,2024-01,177177,EUR,"ANAC (BDNCP, dataset CIG)",29/06/2026
Appalti,Appalti progettazione (importo),Cuneo,2024-02,636798,EUR,"ANAC (BDNCP, dataset CIG)",29/06/2026
Appalti,Appalti progettazione (importo),Cuneo,2024-03,7435431,EUR,"ANAC (BDNCP, dataset CIG)",29/06/2026
Appalti,Appalti progettazione (importo),Cuneo,2024-04,2219319,EUR,"ANAC (BDNCP, dataset CIG)",29/06/2026
Appalti,Appalti progettazione (importo),Cuneo,2024-05,11022213,EUR,"ANAC (BDNCP, dataset CIG)",29/06/2026
Appalti,Appalti progettazione (importo),Cuneo,2024-06,1688473,EUR,"ANAC (BDNCP, dataset CIG)",29/06/2026
Appalti,Appalti progettazione (importo),Cuneo,2024-07,3538368,EUR,"ANAC (BDNCP, dataset CIG)",29/06/2026
Appalti,Appalti progettazione (importo),Cuneo,2024-08,3548178,EUR,"ANAC (BDNCP, dataset CIG)",29/06/2026
Appalti,Appalti progettazione (importo),Cuneo,2024-09,12537231,EUR,"ANAC (BDNCP, dataset CIG)",29/06/2026
Appalti,Appalti progettazione (importo),Cuneo,2024-10,6728471,EUR,"ANAC (BDNCP, dataset CIG)",29/06/2026
Appalti,Appalti progettazione (importo),Cuneo,2024-11,1936504,EUR,"ANAC (BDNCP, dataset CIG)",29/06/2026
Appalti,Appalti progettazione (importo),Cuneo,2024-12,3188724,EUR,"ANAC (BDNCP, dataset CIG)",29/06/2026
Appalti,Appalti progettazione (importo),Cuneo,2025-01,1974928,EUR,"ANAC (BDNCP, dataset CIG)",29/06/2026
Appalti,Appalti progettazione (importo),Cuneo,2025-02,5021659,EUR,"ANAC (BDNCP, dataset CIG)",29/06/2026
Appalti,Appalti progettazione (importo),Cuneo,2025-03,2305465,EUR,"ANAC (BDNCP, dataset CIG)",29/06/2026
Appalti,Appalti progettazione (importo),Cuneo,2025-04,2929142,EUR,"ANAC (BDNCP, dataset CIG)",29/06/2026
Appalti,Appalti progettazione (importo),Cuneo,2025-05,1944957,EUR,"ANAC (BDNCP, dataset CIG)",29/06/2026
Appalti,Appalti progettazione (importo),Cuneo,2025-06,2618242,EUR,"ANAC (BDNCP, dataset CIG)",29/06/2026
Appalti,Appalti progettazione (importo),Cuneo,2025-07,3002204,EUR,"ANAC (BDNCP, dataset CIG)",29/06/2026
Appalti,Appalti progettazione (importo),Cuneo,2025-08,1337078,EUR,"ANAC (BDNCP, dataset CIG)",29/06/2026
Appalti,Appalti progettazione (importo),Cuneo,2025-09,1433728,EUR,"ANAC (BDNCP, dataset CIG)",29/06/2026
Appalti,Appalti progettazione (importo),Cuneo,2025-10,2250610,EUR,"ANAC (BDNCP, dataset CIG)",29/06/2026
Appalti,Appalti progettazione (importo),Cuneo,2025-11,2269976,EUR,"ANAC (BDNCP, dataset CIG)",29/06/2026
Appalti,Appalti progettazione (importo),Cuneo,2025-12,5504585,EUR,"ANAC (BDNCP, dataset CIG)",29/06/2026
Appalti,Appalti progettazione (importo),Novara,2024-01,271783,EUR,"ANAC (BDNCP, dataset CIG)",29/06/2026
Appalti,Appalti progettazione (importo),Novara,2024-02,132856,EUR,"ANAC (BDNCP, dataset CIG)",29/06/2026
Appalti,Appalti progettazione (importo),Novara,2024-03,366892,EUR,"ANAC (BDNCP, dataset CIG)",29/06/2026
Appalti,Appalti progettazione (importo),Novara,2024-04,167829,EUR,"ANAC (BDNCP, dataset CIG)",29/06/2026
Appalti,Appalti progettazione (importo),Novara,2024-05,41075,EUR,"ANAC (BDNCP, dataset CIG)",29/06/2026
Appalti,Appalti progettazione (importo),Novara,2024-06,312699,EUR,"ANAC (BDNCP, dataset CIG)",29/06/2026
Appalti,Appalti progettazione (importo),Novara,2024-07,580293,EUR,"ANAC (BDNCP, dataset CIG)",29/06/2026
Appalti,Appalti progettazione (importo),Novara,2024-08,987880,EUR,"ANAC (BDNCP, dataset CIG)",29/06/2026
Appalti,Appalti progettazione (importo),Novara,2024-09,621360,EUR,"ANAC (BDNCP, dataset CIG)",29/06/2026
Appalti,Appalti progettazione (importo),Novara,2024-10,1339544,EUR,"ANAC (BDNCP, dataset CIG)",29/06/2026
Appalti,Appalti progettazione (importo),Novara,2024-11,1116078,EUR,"ANAC (BDNCP, dataset CIG)",29/06/2026
Appalti,Appalti progettazione (importo),Novara,2024-12,5046286,EUR,"ANAC (BDNCP, dataset CIG)",29/06/2026
Appalti,Appalti progettazione (importo),Novara,2025-01,525835,EUR,"ANAC (BDNCP, dataset CIG)",29/06/2026
Appalti,Appalti progettazione (importo),Novara,2025-02,1519603,EUR,"ANAC (BDNCP, dataset CIG)",29/06/2026
Appalti,Appalti progettazione (importo),Novara,2025-03,2090923,EUR,"ANAC (BDNCP, dataset CIG)",29/06/2026
Appalti,Appalti progettazione (importo),Novara,2025-04,2039381,EUR,"ANAC (BDNCP, dataset CIG)",29/06/2026
Appalti,Appalti progettazione (importo),Novara,2025-05,893207,EUR,"ANAC (BDNCP, dataset CIG)",29/06/2026
Appalti,Appalti progettazione (importo),Novara,2025-06,10364876,EUR,"ANAC (BDNCP, dataset CIG)",29/06/2026
Appalti,Appalti progettazione (importo),Novara,2025-07,19278228,EUR,"ANAC (BDNCP, dataset CIG)",29/06/2026
Appalti,Appalti progettazione (importo),Novara,2025-08,469907,EUR,"ANAC (BDNCP, dataset CIG)",29/06/2026
Appalti,Appalti progettazione (importo),Novara,2025-09,905988,EUR,"ANAC (BDNCP, dataset CIG)",29/06/2026
Appalti,Appalti progettazione (importo),Novara,2025-10,3528971,EUR,"ANAC (BDNCP, dataset CIG)",29/06/2026
Appalti,Appalti progettazione (importo),Novara,2025-11,1547213,EUR,"ANAC (BDNCP, dataset CIG)",29/06/2026
Appalti,Appalti progettazione (importo),Novara,2025-12,1684533,EUR,"ANAC (BDNCP, dataset CIG)",29/06/2026
Appalti,Appalti progettazione (importo),Piemonte,2024-01,2005024,EUR,"ANAC (BDNCP, dataset CIG)",29/06/2026
Appalti,Appalti progettazione (importo),Piemonte,2024-02,6128431,EUR,"ANAC (BDNCP, dataset CIG)",29/06/2026
Appalti,Appalti progettazione (importo),Piemonte,2024-03,18752565,EUR,"ANAC (BDNCP, dataset CIG)",29/06/2026
Appalti,Appalti progettazione (importo),Piemonte,2024-04,7367464,EUR,"ANAC (BDNCP, dataset CIG)",29/06/2026
Appalti,Appalti progettazione (importo),Piemonte,2024-05,28814856,EUR,"ANAC (BDNCP, dataset CIG)",29/06/2026
Appalti,Appalti progettazione (importo),Piemonte,2024-06,58743501,EUR,"ANAC (BDNCP, dataset CIG)",29/06/2026
Appalti,Appalti progettazione (importo),Piemonte,2024-07,38667479,EUR,"ANAC (BDNCP, dataset CIG)",29/06/2026
Appalti,Appalti progettazione (importo),Piemonte,2024-08,41531059,EUR,"ANAC (BDNCP, dataset CIG)",29/06/2026
Appalti,Appalti progettazione (importo),Piemonte,2024-09,57770971,EUR,"ANAC (BDNCP, dataset CIG)",29/06/2026
Appalti,Appalti progettazione (importo),Piemonte,2024-10,124309067,EUR,"ANAC (BDNCP, dataset CIG)",29/06/2026
Appalti,Appalti progettazione (importo),Piemonte,2024-11,38091900,EUR,"ANAC (BDNCP, dataset CIG)",29/06/2026
Appalti,Appalti progettazione (importo),Piemonte,2024-12,63728155,EUR,"ANAC (BDNCP, dataset CIG)",29/06/2026
Appalti,Appalti progettazione (importo),Piemonte,2025-01,30489917,EUR,"ANAC (BDNCP, dataset CIG)",29/06/2026
Appalti,Appalti progettazione (importo),Piemonte,2025-02,20920276,EUR,"ANAC (BDNCP, dataset CIG)",29/06/2026
Appalti,Appalti progettazione (importo),Piemonte,2025-03,17544602,EUR,"ANAC (BDNCP, dataset CIG)",29/06/2026
Appalti,Appalti progettazione (importo),Piemonte,2025-04,33085552,EUR,"ANAC (BDNCP, dataset CIG)",29/06/2026
Appalti,Appalti progettazione (importo),Piemonte,2025-05,37152388,EUR,"ANAC (BDNCP, dataset CIG)",29/06/2026
Appalti,Appalti progettazione (importo),Piemonte,2025-06,181258184,EUR,"ANAC (BDNCP, dataset CIG)",29/06/2026
Appalti,Appalti progettazione (importo),Piemonte,2025-07,47139671,EUR,"ANAC (BDNCP, dataset CIG)",29/06/2026
Appalti,Appalti progettazione (importo),Piemonte,2025-08,155819174,EUR,"ANAC (BDNCP, dataset CIG)",29/06/2026
Appalti,Appalti progettazione (importo),Piemonte,2025-09,36726814,EUR,"ANAC (BDNCP, dataset CIG)",29/06/2026
Appalti,Appalti progettazione (importo),Piemonte,2025-10,44952782,EUR,"ANAC (BDNCP, dataset CIG)",29/06/2026
Appalti,Appalti progettazione (importo),Piemonte,2025-11,20804958,EUR,"ANAC (BDNCP, dataset CIG)",29/06/2026
Appalti,Appalti progettazione (importo),Piemonte,2025-12,31740956,EUR,"ANAC (BDNCP, dataset CIG)",29/06/2026
Appalti,Appalti progettazione (importo),Piemonte e Valle d'Aosta,2024-01,2025024,EUR,"ANAC (BDNCP, dataset CIG)",29/06/2026
Appalti,Appalti progettazione (importo),Piemonte e Valle d'Aosta,2024-02,7390176,EUR,"ANAC (BDNCP, dataset CIG)",29/06/2026
Appalti,Appalti progettazione (importo),Piemonte e Valle d'Aosta,2024-03,19456389,EUR,"ANAC (BDNCP, dataset CIG)",29/06/2026
Appalti,Appalti progettazione (importo),Piemonte e Valle d'Aosta,2024-04,8508160,EUR,"ANAC (BDNCP, dataset CIG)",29/06/2026
Appalti,Appalti progettazione (importo),Piemonte e Valle d'Aosta,2024-05,28837959,EUR,"ANAC (BDNCP, dataset CIG)",29/06/2026
Appalti,Appalti progettazione (importo),Piemonte e Valle d'Aosta,2024-06,62593241,EUR,"ANAC (BDNCP, dataset CIG)",29/06/2026
Appalti,Appalti progettazione (importo),Piemonte e Valle d'Aosta,2024-07,45672736,EUR,"ANAC (BDNCP, dataset CIG)",29/06/2026
Appalti,Appalti progettazione (importo),Piemonte e Valle d'Aosta,2024-08,43947259,EUR,"ANAC (BDNCP, dataset CIG)",29/06/2026
Appalti,Appalti progettazione (importo),Piemonte e Valle d'Aosta,2024-09,66700938,EUR,"ANAC (BDNCP, dataset CIG)",29/06/2026
Appalti,Appalti progettazione (importo),Piemonte e Valle d'Aosta,2024-10,147611433,EUR,"ANAC (BDNCP, dataset CIG)",29/06/2026
Appalti,Appalti progettazione (importo),Piemonte e Valle d'Aosta,2024-11,41024734,EUR,"ANAC (BDNCP, dataset CIG)",29/06/2026
Appalti,Appalti progettazione (importo),Piemonte e Valle d'Aosta,2024-12,69684678,EUR,"ANAC (BDNCP, dataset CIG)",29/06/2026
Appalti,Appalti progettazione (importo),Piemonte e Valle d'Aosta,2025-01,32787216,EUR,"ANAC (BDNCP, dataset CIG)",29/06/2026
Appalti,Appalti progettazione (importo),Piemonte e Valle d'Aosta,2025-02,22360158,EUR,"ANAC (BDNCP, dataset CIG)",29/06/2026
Appalti,Appalti progettazione (importo),Piemonte e Valle d'Aosta,2025-03,20674128,EUR,"ANAC (BDNCP, dataset CIG)",29/06/2026
Appalti,Appalti progettazione (importo),Piemonte e Valle d'Aosta,2025-04,36619502,EUR,"ANAC (BDNCP, dataset CIG)",29/06/2026
Appalti,Appalti progettazione (importo),Piemonte e Valle d'Aosta,2025-05,40981901,EUR,"ANAC (BDNCP, dataset CIG)",29/06/2026
Appalti,Appalti progettazione (importo),Piemonte e Valle d'Aosta,2025-06,186434373,EUR,"ANAC (BDNCP, dataset CIG)",29/06/2026
Appalti,Appalti progettazione (importo),Piemonte e Valle d'Aosta,2025-07,52608456,EUR,"ANAC (BDNCP, dataset CIG)",29/06/2026
Appalti,Appalti progettazione (importo),Piemonte e Valle d'Aosta,2025-08,158524425,EUR,"ANAC (BDNCP, dataset CIG)",29/06/2026
Appalti,Appalti progettazione (importo),Piemonte e Valle d'Aosta,2025-09,39695743,EUR,"ANAC (BDNCP, dataset CIG)",29/06/2026
Appalti,Appalti progettazione (importo),Piemonte e Valle d'Aosta,2025-10,50641675,EUR,"ANAC (BDNCP, dataset CIG)",29/06/2026
Appalti,Appalti progettazione (importo),Piemonte e Valle d'Aosta,2025-11,25790109,EUR,"ANAC (BDNCP, dataset CIG)",29/06/2026
Appalti,Appalti progettazione (importo),Piemonte e Valle d'Aosta,2025-12,46780485,EUR,"ANAC (BDNCP, dataset CIG)",29/06/2026
Appalti,Appalti progettazione (importo),Torino,2024-01,1438958,EUR,"ANAC (BDNCP, dataset CIG)",29/06/2026
Appalti,Appalti progettazione (importo),Torino,2024-02,3723849,EUR,"ANAC (BDNCP, dataset CIG)",29/06/2026
Appalti,Appalti progettazione (importo),Torino,2024-03,10586354,EUR,"ANAC (BDNCP, dataset CIG)",29/06/2026
Appalti,Appalti progettazione (importo),Torino,2024-04,4357834,EUR,"ANAC (BDNCP, dataset CIG)",29/06/2026
Appalti,Appalti progettazione (importo),Torino,2024-05,16149594,EUR,"ANAC (BDNCP, dataset CIG)",29/06/2026
Appalti,Appalti progettazione (importo),Torino,2024-06,39058555,EUR,"ANAC (BDNCP, dataset CIG)",29/06/2026
Appalti,Appalti progettazione (importo),Torino,2024-07,17418366,EUR,"ANAC (BDNCP, dataset CIG)",29/06/2026
Appalti,Appalti progettazione (importo),Torino,2024-08,21050730,EUR,"ANAC (BDNCP, dataset CIG)",29/06/2026
Appalti,Appalti progettazione (importo),Torino,2024-09,20883052,EUR,"ANAC (BDNCP, dataset CIG)",29/06/2026
Appalti,Appalti progettazione (importo),Torino,2024-10,96168737,EUR,"ANAC (BDNCP, dataset CIG)",29/06/2026
Appalti,Appalti progettazione (importo),Torino,2024-11,19267772,EUR,"ANAC (BDNCP, dataset CIG)",29/06/2026
Appalti,Appalti progettazione (importo),Torino,2024-12,15169762,EUR,"ANAC (BDNCP, dataset CIG)",29/06/2026
Appalti,Appalti progettazione (importo),Torino,2025-01,23150457,EUR,"ANAC (BDNCP, dataset CIG)",29/06/2026
Appalti,Appalti progettazione (importo),Torino,2025-02,10027545,EUR,"ANAC (BDNCP, dataset CIG)",29/06/2026
Appalti,Appalti progettazione (importo),Torino,2025-03,8527049,EUR,"ANAC (BDNCP, dataset CIG)",29/06/2026
Appalti,Appalti progettazione (importo),Torino,2025-04,18590039,EUR,"ANAC (BDNCP, dataset CIG)",29/06/2026
Appalti,Appalti progettazione (importo),Torino,2025-05,17478332,EUR,"ANAC (BDNCP, dataset CIG)",29/06/2026
Appalti,Appalti progettazione (importo),Torino,2025-06,162841239,EUR,"ANAC (BDNCP, dataset CIG)",29/06/2026
Appalti,Appalti progettazione (importo),Torino,2025-07,20473081,EUR,"ANAC (BDNCP, dataset CIG)",29/06/2026
Appalti,Appalti progettazione (importo),Torino,2025-08,62307716,EUR,"ANAC (BDNCP, dataset CIG)",29/06/2026
Appalti,Appalti progettazione (importo),Torino,2025-09,32110321,EUR,"ANAC (BDNCP, dataset CIG)",29/06/2026
Appalti,Appalti progettazione (importo),Torino,2025-10,33973826,EUR,"ANAC (BDNCP, dataset CIG)",29/06/2026
Appalti,Appalti progettazione (importo),Torino,2025-11,12838686,EUR,"ANAC (BDNCP, dataset CIG)",29/06/2026
Appalti,Appalti progettazione (importo),Torino,2025-12,15253849,EUR,"ANAC (BDNCP, dataset CIG)",29/06/2026
Appalti,Appalti progettazione (importo),Verbania,2024-02,447005,EUR,"ANAC (BDNCP, dataset CIG)",29/06/2026
Appalti,Appalti progettazione (importo),Verbania,2024-03,28593,EUR,"ANAC (BDNCP, dataset CIG)",29/06/2026
Appalti,Appalti progettazione (importo),Verbania,2024-04,53429,EUR,"ANAC (BDNCP, dataset CIG)",29/06/2026
Appalti,Appalti progettazione (importo),Verbania,2024-05,162009,EUR,"ANAC (BDNCP, dataset CIG)",29/06/2026
Appalti,Appalti progettazione (importo),Verbania,2024-06,845181,EUR,"ANAC (BDNCP, dataset CIG)",29/06/2026
Appalti,Appalti progettazione (importo),Verbania,2024-07,282366,EUR,"ANAC (BDNCP, dataset CIG)",29/06/2026
Appalti,Appalti progettazione (importo),Verbania,2024-08,258532,EUR,"ANAC (BDNCP, dataset CIG)",29/06/2026
Appalti,Appalti progettazione (importo),Verbania,2024-09,441121,EUR,"ANAC (BDNCP, dataset CIG)",29/06/2026
Appalti,Appalti progettazione (importo),Verbania,2024-10,1447039,EUR,"ANAC (BDNCP, dataset CIG)",29/06/2026
Appalti,Appalti progettazione (importo),Verbania,2024-11,1003243,EUR,"ANAC (BDNCP, dataset CIG)",29/06/2026
Appalti,Appalti progettazione (importo),Verbania,2024-12,1027637,EUR,"ANAC (BDNCP, dataset CIG)",29/06/2026
Appalti,Appalti progettazione (importo),Verbania,2025-01,1554504,EUR,"ANAC (BDNCP, dataset CIG)",29/06/2026
Appalti,Appalti progettazione (importo),Verbania,2025-02,1179017,EUR,"ANAC (BDNCP, dataset CIG)",29/06/2026
Appalti,Appalti progettazione (importo),Verbania,2025-03,578708,EUR,"ANAC (BDNCP, dataset CIG)",29/06/2026
Appalti,Appalti progettazione (importo),Verbania,2025-04,3083252,EUR,"ANAC (BDNCP, dataset CIG)",29/06/2026
Appalti,Appalti progettazione (importo),Verbania,2025-05,1413904,EUR,"ANAC (BDNCP, dataset CIG)",29/06/2026
Appalti,Appalti progettazione (importo),Verbania,2025-06,1806540,EUR,"ANAC (BDNCP, dataset CIG)",29/06/2026
Appalti,Appalti progettazione (importo),Verbania,2025-07,545572,EUR,"ANAC (BDNCP, dataset CIG)",29/06/2026
Appalti,Appalti progettazione (importo),Verbania,2025-08,304510,EUR,"ANAC (BDNCP, dataset CIG)",29/06/2026
Appalti,Appalti progettazione (importo),Verbania,2025-09,383933,EUR,"ANAC (BDNCP, dataset CIG)",29/06/2026
Appalti,Appalti progettazione (importo),Verbania,2025-10,1251370,EUR,"ANAC (BDNCP, dataset CIG)",29/06/2026
Appalti,Appalti progettazione (importo),Verbania,2025-11,733516,EUR,"ANAC (BDNCP, dataset CIG)",29/06/2026
Appalti,Appalti progettazione (importo),Verbania,2025-12,1257085,EUR,"ANAC (BDNCP, dataset CIG)",29/06/2026
Appalti,Appalti progettazione (importo),Vercelli,2024-01,63792,EUR,"ANAC (BDNCP, dataset CIG)",29/06/2026
Appalti,Appalti progettazione (importo),Vercelli,2024-02,232256,EUR,"ANAC (BDNCP, dataset CIG)",29/06/2026
Appalti,Appalti progettazione (importo),Vercelli,2024-03,84400,EUR,"ANAC (BDNCP, dataset CIG)",29/06/2026
Appalti,Appalti progettazione (importo),Vercelli,2024-04,24240,EUR,"ANAC (BDNCP, dataset CIG)",29/06/2026
Appalti,Appalti progettazione (importo),Vercelli,2024-05,799163,EUR,"ANAC (BDNCP, dataset CIG)",29/06/2026
Appalti,Appalti progettazione (importo),Vercelli,2024-06,3221709,EUR,"ANAC (BDNCP, dataset CIG)",29/06/2026
Appalti,Appalti progettazione (importo),Vercelli,2024-07,590106,EUR,"ANAC (BDNCP, dataset CIG)",29/06/2026
Appalti,Appalti progettazione (importo),Vercelli,2024-08,368579,EUR,"ANAC (BDNCP, dataset CIG)",29/06/2026
Appalti,Appalti progettazione (importo),Vercelli,2024-09,618737,EUR,"ANAC (BDNCP, dataset CIG)",29/06/2026
Appalti,Appalti progettazione (importo),Vercelli,2024-10,1177127,EUR,"ANAC (BDNCP, dataset CIG)",29/06/2026
Appalti,Appalti progettazione (importo),Vercelli,2024-11,567777,EUR,"ANAC (BDNCP, dataset CIG)",29/06/2026
Appalti,Appalti progettazione (importo),Vercelli,2024-12,1654954,EUR,"ANAC (BDNCP, dataset CIG)",29/06/2026
Appalti,Appalti progettazione (importo),Vercelli,2025-01,1421690,EUR,"ANAC (BDNCP, dataset CIG)",29/06/2026
Appalti,Appalti progettazione (importo),Vercelli,2025-02,1116564,EUR,"ANAC (BDNCP, dataset CIG)",29/06/2026
Appalti,Appalti progettazione (importo),Vercelli,2025-03,2066073,EUR,"ANAC (BDNCP, dataset CIG)",29/06/2026
Appalti,Appalti progettazione (importo),Vercelli,2025-04,449855,EUR,"ANAC (BDNCP, dataset CIG)",29/06/2026
Appalti,Appalti progettazione (importo),Vercelli,2025-05,11629079,EUR,"ANAC (BDNCP, dataset CIG)",29/06/2026
Appalti,Appalti progettazione (importo),Vercelli,2025-06,695654,EUR,"ANAC (BDNCP, dataset CIG)",29/06/2026
Appalti,Appalti progettazione (importo),Vercelli,2025-07,1433966,EUR,"ANAC (BDNCP, dataset CIG)",29/06/2026
Appalti,Appalti progettazione (importo),Vercelli,2025-08,90033513,EUR,"ANAC (BDNCP, dataset CIG)",29/06/2026
Appalti,Appalti progettazione (importo),Vercelli,2025-09,400778,EUR,"ANAC (BDNCP, dataset CIG)",29/06/2026
Appalti,Appalti progettazione (importo),Vercelli,2025-10,1043391,EUR,"ANAC (BDNCP, dataset CIG)",29/06/2026
Appalti,Appalti progettazione (importo),Vercelli,2025-11,857687,EUR,"ANAC (BDNCP, dataset CIG)",29/06/2026
Appalti,Appalti progettazione (importo),Vercelli,2025-12,1731116,EUR,"ANAC (BDNCP, dataset CIG)",29/06/2026
Appalti,Appalti progettazione (numero),Alessandria,2024-01,2,gare,"ANAC (BDNCP, dataset CIG)",29/06/2026
Appalti,Appalti progettazione (numero),Alessandria,2024-02,14,gare,"ANAC (BDNCP, dataset CIG)",29/06/2026
Appalti,Appalti progettazione (numero),Alessandria,2024-03,10,gare,"ANAC (BDNCP, dataset CIG)",29/06/2026
Appalti,Appalti progettazione (numero),Alessandria,2024-04,5,gare,"ANAC (BDNCP, dataset CIG)",29/06/2026
Appalti,Appalti progettazione (numero),Alessandria,2024-05,18,gare,"ANAC (BDNCP, dataset CIG)",29/06/2026
Appalti,Appalti progettazione (numero),Alessandria,2024-06,45,gare,"ANAC (BDNCP, dataset CIG)",29/06/2026
Appalti,Appalti progettazione (numero),Alessandria,2024-07,69,gare,"ANAC (BDNCP, dataset CIG)",29/06/2026
Appalti,Appalti progettazione (numero),Alessandria,2024-08,34,gare,"ANAC (BDNCP, dataset CIG)",29/06/2026
Appalti,Appalti progettazione (numero),Alessandria,2024-09,50,gare,"ANAC (BDNCP, dataset CIG)",29/06/2026
Appalti,Appalti progettazione (numero),Alessandria,2024-10,79,gare,"ANAC (BDNCP, dataset CIG)",29/06/2026
Appalti,Appalti progettazione (numero),Alessandria,2024-11,53,gare,"ANAC (BDNCP, dataset CIG)",29/06/2026
Appalti,Appalti progettazione (numero),Alessandria,2024-12,65,gare,"ANAC (BDNCP, dataset CIG)",29/06/2026
Appalti,Appalti progettazione (numero),Alessandria,2025-01,50,gare,"ANAC (BDNCP, dataset CIG)",29/06/2026
Appalti,Appalti progettazione (numero),Alessandria,2025-02,54,gare,"ANAC (BDNCP, dataset CIG)",29/06/2026
Appalti,Appalti progettazione (numero),Alessandria,2025-03,53,gare,"ANAC (BDNCP, dataset CIG)",29/06/2026
Appalti,Appalti progettazione (numero),Alessandria,2025-04,67,gare,"ANAC (BDNCP, dataset CIG)",29/06/2026
Appalti,Appalti progettazione (numero),Alessandria,2025-05,67,gare,"ANAC (BDNCP, dataset CIG)",29/06/2026
Appalti,Appalti progettazione (numero),Alessandria,2025-06,84,gare,"ANAC (BDNCP, dataset CIG)",29/06/2026
Appalti,Appalti progettazione (numero),Alessandria,2025-07,53,gare,"ANAC (BDNCP, dataset CIG)",29/06/2026
Appalti,Appalti progettazione (numero),Alessandria,2025-08,33,gare,"ANAC (BDNCP, dataset CIG)",29/06/2026
Appalti,Appalti progettazione (numero),Alessandria,2025-09,38,gare,"ANAC (BDNCP, dataset CIG)",29/06/2026
Appalti,Appalti progettazione (numero),Alessandria,2025-10,73,gare,"ANAC (BDNCP, dataset CIG)",29/06/2026
Appalti,Appalti progettazione (numero),Alessandria,2025-11,44,gare,"ANAC (BDNCP, dataset CIG)",29/06/2026
Appalti,Appalti progettazione (numero),Alessandria,2025-12,90,gare,"ANAC (BDNCP, dataset CIG)",29/06/2026
Appalti,Appalti progettazione (numero),Aosta,2024-01,1,gare,"ANAC (BDNCP, dataset CIG)",29/06/2026
Appalti,Appalti progettazione (numero),Aosta,2024-02,8,gare,"ANAC (BDNCP, dataset CIG)",29/06/2026
Appalti,Appalti progettazione (numero),Aosta,2024-03,7,gare,"ANAC (BDNCP, dataset CIG)",29/06/2026
Appalti,Appalti progettazione (numero),Aosta,2024-04,10,gare,"ANAC (BDNCP, dataset CIG)",29/06/2026
Appalti,Appalti progettazione (numero),Aosta,2024-05,1,gare,"ANAC (BDNCP, dataset CIG)",29/06/2026
Appalti,Appalti progettazione (numero),Aosta,2024-06,73,gare,"ANAC (BDNCP, dataset CIG)",29/06/2026
Appalti,Appalti progettazione (numero),Aosta,2024-07,81,gare,"ANAC (BDNCP, dataset CIG)",29/06/2026
Appalti,Appalti progettazione (numero),Aosta,2024-08,75,gare,"ANAC (BDNCP, dataset CIG)",29/06/2026
Appalti,Appalti progettazione (numero),Aosta,2024-09,88,gare,"ANAC (BDNCP, dataset CIG)",29/06/2026
Appalti,Appalti progettazione (numero),Aosta,2024-10,109,gare,"ANAC (BDNCP, dataset CIG)",29/06/2026
Appalti,Appalti progettazione (numero),Aosta,2024-11,110,gare,"ANAC (BDNCP, dataset CIG)",29/06/2026
Appalti,Appalti progettazione (numero),Aosta,2024-12,154,gare,"ANAC (BDNCP, dataset CIG)",29/06/2026
Appalti,Appalti progettazione (numero),Aosta,2025-01,37,gare,"ANAC (BDNCP, dataset CIG)",29/06/2026
Appalti,Appalti progettazione (numero),Aosta,2025-02,47,gare,"ANAC (BDNCP, dataset CIG)",29/06/2026
Appalti,Appalti progettazione (numero),Aosta,2025-03,73,gare,"ANAC (BDNCP, dataset CIG)",29/06/2026
Appalti,Appalti progettazione (numero),Aosta,2025-04,81,gare,"ANAC (BDNCP, dataset CIG)",29/06/2026
Appalti,Appalti progettazione (numero),Aosta,2025-05,97,gare,"ANAC (BDNCP, dataset CIG)",29/06/2026
Appalti,Appalti progettazione (numero),Aosta,2025-06,97,gare,"ANAC (BDNCP, dataset CIG)",29/06/2026
Appalti,Appalti progettazione (numero),Aosta,2025-07,118,gare,"ANAC (BDNCP, dataset CIG)",29/06/2026
Appalti,Appalti progettazione (numero),Aosta,2025-08,85,gare,"ANAC (BDNCP, dataset CIG)",29/06/2026
Appalti,Appalti progettazione (numero),Aosta,2025-09,104,gare,"ANAC (BDNCP, dataset CIG)",29/06/2026
Appalti,Appalti progettazione (numero),Aosta,2025-10,100,gare,"ANAC (BDNCP, dataset CIG)",29/06/2026
Appalti,Appalti progettazione (numero),Aosta,2025-11,87,gare,"ANAC (BDNCP, dataset CIG)",29/06/2026
Appalti,Appalti progettazione (numero),Aosta,2025-12,166,gare,"ANAC (BDNCP, dataset CIG)",29/06/2026
Appalti,Appalti progettazione (numero),Asti,2024-01,1,gare,"ANAC (BDNCP, dataset CIG)",29/06/2026
Appalti,Appalti progettazione (numero),Asti,2024-02,2,gare,"ANAC (BDNCP, dataset CIG)",29/06/2026
Appalti,Appalti progettazione (numero),Asti,2024-03,2,gare,"ANAC (BDNCP, dataset CIG)",29/06/2026
Appalti,Appalti progettazione (numero),Asti,2024-04,5,gare,"ANAC (BDNCP, dataset CIG)",29/06/2026
Appalti,Appalti progettazione (numero),Asti,2024-05,3,gare,"ANAC (BDNCP, dataset CIG)",29/06/2026
Appalti,Appalti progettazione (numero),Asti,2024-06,14,gare,"ANAC (BDNCP, dataset CIG)",29/06/2026
Appalti,Appalti progettazione (numero),Asti,2024-07,30,gare,"ANAC (BDNCP, dataset CIG)",29/06/2026
Appalti,Appalti progettazione (numero),Asti,2024-08,16,gare,"ANAC (BDNCP, dataset CIG)",29/06/2026
Appalti,Appalti progettazione (numero),Asti,2024-09,33,gare,"ANAC (BDNCP, dataset CIG)",29/06/2026
Appalti,Appalti progettazione (numero),Asti,2024-10,49,gare,"ANAC (BDNCP, dataset CIG)",29/06/2026
Appalti,Appalti progettazione (numero),Asti,2024-11,20,gare,"ANAC (BDNCP, dataset CIG)",29/06/2026
Appalti,Appalti progettazione (numero),Asti,2024-12,20,gare,"ANAC (BDNCP, dataset CIG)",29/06/2026
Appalti,Appalti progettazione (numero),Asti,2025-01,21,gare,"ANAC (BDNCP, dataset CIG)",29/06/2026
Appalti,Appalti progettazione (numero),Asti,2025-02,28,gare,"ANAC (BDNCP, dataset CIG)",29/06/2026
Appalti,Appalti progettazione (numero),Asti,2025-03,23,gare,"ANAC (BDNCP, dataset CIG)",29/06/2026
Appalti,Appalti progettazione (numero),Asti,2025-04,22,gare,"ANAC (BDNCP, dataset CIG)",29/06/2026
Appalti,Appalti progettazione (numero),Asti,2025-05,37,gare,"ANAC (BDNCP, dataset CIG)",29/06/2026
Appalti,Appalti progettazione (numero),Asti,2025-06,44,gare,"ANAC (BDNCP, dataset CIG)",29/06/2026
Appalti,Appalti progettazione (numero),Asti,2025-07,32,gare,"ANAC (BDNCP, dataset CIG)",29/06/2026
Appalti,Appalti progettazione (numero),Asti,2025-08,18,gare,"ANAC (BDNCP, dataset CIG)",29/06/2026
Appalti,Appalti progettazione (numero),Asti,2025-09,20,gare,"ANAC (BDNCP, dataset CIG)",29/06/2026
Appalti,Appalti progettazione (numero),Asti,2025-10,16,gare,"ANAC (BDNCP, dataset CIG)",29/06/2026
Appalti,Appalti progettazione (numero),Asti,2025-11,19,gare,"ANAC (BDNCP, dataset CIG)",29/06/2026
Appalti,Appalti progettazione (numero),Asti,2025-12,41,gare,"ANAC (BDNCP, dataset CIG)",29/06/2026
Appalti,Appalti progettazione (numero),Biella,2024-02,5,gare,"ANAC (BDNCP, dataset CIG)",29/06/2026
Appalti,Appalti progettazione (numero),Biella,2024-03,3,gare,"ANAC (BDNCP, dataset CIG)",29/06/2026
Appalti,Appalti progettazione (numero),Biella,2024-04,3,gare,"ANAC (BDNCP, dataset CIG)",29/06/2026
Appalti,Appalti progettazione (numero),Biella,2024-05,1,gare,"ANAC (BDNCP, dataset CIG)",29/06/2026
Appalti,Appalti progettazione (numero),Biella,2024-06,7,gare,"ANAC (BDNCP, dataset CIG)",29/06/2026
Appalti,Appalti progettazione (numero),Biella,2024-07,38,gare,"ANAC (BDNCP, dataset CIG)",29/06/2026
Appalti,Appalti progettazione (numero),Biella,2024-08,17,gare,"ANAC (BDNCP, dataset CIG)",29/06/2026
Appalti,Appalti progettazione (numero),Biella,2024-09,14,gare,"ANAC (BDNCP, dataset CIG)",29/06/2026
Appalti,Appalti progettazione (numero),Biella,2024-10,31,gare,"ANAC (BDNCP, dataset CIG)",29/06/2026
Appalti,Appalti progettazione (numero),Biella,2024-11,27,gare,"ANAC (BDNCP, dataset CIG)",29/06/2026
Appalti,Appalti progettazione (numero),Biella,2024-12,38,gare,"ANAC (BDNCP, dataset CIG)",29/06/2026
Appalti,Appalti progettazione (numero),Biella,2025-01,9,gare,"ANAC (BDNCP, dataset CIG)",29/06/2026
Appalti,Appalti progettazione (numero),Biella,2025-02,10,gare,"ANAC (BDNCP, dataset CIG)",29/06/2026
Appalti,Appalti progettazione (numero),Biella,2025-03,19,gare,"ANAC (BDNCP, dataset CIG)",29/06/2026
Appalti,Appalti progettazione (numero),Biella,2025-04,20,gare,"ANAC (BDNCP, dataset CIG)",29/06/2026
Appalti,Appalti progettazione (numero),Biella,2025-05,24,gare,"ANAC (BDNCP, dataset CIG)",29/06/2026
Appalti,Appalti progettazione (numero),Biella,2025-06,27,gare,"ANAC (BDNCP, dataset CIG)",29/06/2026
Appalti,Appalti progettazione (numero),Biella,2025-07,23,gare,"ANAC (BDNCP, dataset CIG)",29/06/2026
Appalti,Appalti progettazione (numero),Biella,2025-08,14,gare,"ANAC (BDNCP, dataset CIG)",29/06/2026
Appalti,Appalti progettazione (numero),Biella,2025-09,14,gare,"ANAC (BDNCP, dataset CIG)",29/06/2026
Appalti,Appalti progettazione (numero),Biella,2025-10,15,gare,"ANAC (BDNCP, dataset CIG)",29/06/2026
Appalti,Appalti progettazione (numero),Biella,2025-11,20,gare,"ANAC (BDNCP, dataset CIG)",29/06/2026
Appalti,Appalti progettazione (numero),Biella,2025-12,40,gare,"ANAC (BDNCP, dataset CIG)",29/06/2026
Appalti,Appalti progettazione (numero),Cuneo,2024-01,9,gare,"ANAC (BDNCP, dataset CIG)",29/06/2026
Appalti,Appalti progettazione (numero),Cuneo,2024-02,32,gare,"ANAC (BDNCP, dataset CIG)",29/06/2026
Appalti,Appalti progettazione (numero),Cuneo,2024-03,33,gare,"ANAC (BDNCP, dataset CIG)",29/06/2026
Appalti,Appalti progettazione (numero),Cuneo,2024-04,49,gare,"ANAC (BDNCP, dataset CIG)",29/06/2026
Appalti,Appalti progettazione (numero),Cuneo,2024-05,33,gare,"ANAC (BDNCP, dataset CIG)",29/06/2026
Appalti,Appalti progettazione (numero),Cuneo,2024-06,68,gare,"ANAC (BDNCP, dataset CIG)",29/06/2026
Appalti,Appalti progettazione (numero),Cuneo,2024-07,97,gare,"ANAC (BDNCP, dataset CIG)",29/06/2026
Appalti,Appalti progettazione (numero),Cuneo,2024-08,85,gare,"ANAC (BDNCP, dataset CIG)",29/06/2026
Appalti,Appalti progettazione (numero),Cuneo,2024-09,67,gare,"ANAC (BDNCP, dataset CIG)",29/06/2026
Appalti,Appalti progettazione (numero),Cuneo,2024-10,164,gare,"ANAC (BDNCP, dataset CIG)",29/06/2026
Appalti,Appalti progettazione (numero),Cuneo,2024-11,84,gare,"ANAC (BDNCP, dataset CIG)",29/06/2026
Appalti,Appalti progettazione (numero),Cuneo,2024-12,133,gare,"ANAC (BDNCP, dataset CIG)",29/06/2026
Appalti,Appalti progettazione (numero),Cuneo,2025-01,87,gare,"ANAC (BDNCP, dataset CIG)",29/06/2026
Appalti,Appalti progettazione (numero),Cuneo,2025-02,95,gare,"ANAC (BDNCP, dataset CIG)",29/06/2026
Appalti,Appalti progettazione (numero),Cuneo,2025-03,86,gare,"ANAC (BDNCP, dataset CIG)",29/06/2026
Appalti,Appalti progettazione (numero),Cuneo,2025-04,108,gare,"ANAC (BDNCP, dataset CIG)",29/06/2026
Appalti,Appalti progettazione (numero),Cuneo,2025-05,121,gare,"ANAC (BDNCP, dataset CIG)",29/06/2026
Appalti,Appalti progettazione (numero),Cuneo,2025-06,125,gare,"ANAC (BDNCP, dataset CIG)",29/06/2026
Appalti,Appalti progettazione (numero),Cuneo,2025-07,126,gare,"ANAC (BDNCP, dataset CIG)",29/06/2026
Appalti,Appalti progettazione (numero),Cuneo,2025-08,44,gare,"ANAC (BDNCP, dataset CIG)",29/06/2026
Appalti,Appalti progettazione (numero),Cuneo,2025-09,68,gare,"ANAC (BDNCP, dataset CIG)",29/06/2026
Appalti,Appalti progettazione (numero),Cuneo,2025-10,105,gare,"ANAC (BDNCP, dataset CIG)",29/06/2026
Appalti,Appalti progettazione (numero),Cuneo,2025-11,91,gare,"ANAC (BDNCP, dataset CIG)",29/06/2026
Appalti,Appalti progettazione (numero),Cuneo,2025-12,203,gare,"ANAC (BDNCP, dataset CIG)",29/06/2026
Appalti,Appalti progettazione (numero),Novara,2024-01,3,gare,"ANAC (BDNCP, dataset CIG)",29/06/2026
Appalti,Appalti progettazione (numero),Novara,2024-02,5,gare,"ANAC (BDNCP, dataset CIG)",29/06/2026
Appalti,Appalti progettazione (numero),Novara,2024-03,12,gare,"ANAC (BDNCP, dataset CIG)",29/06/2026
Appalti,Appalti progettazione (numero),Novara,2024-04,7,gare,"ANAC (BDNCP, dataset CIG)",29/06/2026
Appalti,Appalti progettazione (numero),Novara,2024-05,5,gare,"ANAC (BDNCP, dataset CIG)",29/06/2026
Appalti,Appalti progettazione (numero),Novara,2024-06,24,gare,"ANAC (BDNCP, dataset CIG)",29/06/2026
Appalti,Appalti progettazione (numero),Novara,2024-07,35,gare,"ANAC (BDNCP, dataset CIG)",29/06/2026
Appalti,Appalti progettazione (numero),Novara,2024-08,26,gare,"ANAC (BDNCP, dataset CIG)",29/06/2026
Appalti,Appalti progettazione (numero),Novara,2024-09,34,gare,"ANAC (BDNCP, dataset CIG)",29/06/2026
Appalti,Appalti progettazione (numero),Novara,2024-10,56,gare,"ANAC (BDNCP, dataset CIG)",29/06/2026
Appalti,Appalti progettazione (numero),Novara,2024-11,38,gare,"ANAC (BDNCP, dataset CIG)",29/06/2026
Appalti,Appalti progettazione (numero),Novara,2024-12,52,gare,"ANAC (BDNCP, dataset CIG)",29/06/2026
Appalti,Appalti progettazione (numero),Novara,2025-01,29,gare,"ANAC (BDNCP, dataset CIG)",29/06/2026
Appalti,Appalti progettazione (numero),Novara,2025-02,42,gare,"ANAC (BDNCP, dataset CIG)",29/06/2026
Appalti,Appalti progettazione (numero),Novara,2025-03,39,gare,"ANAC (BDNCP, dataset CIG)",29/06/2026
Appalti,Appalti progettazione (numero),Novara,2025-04,48,gare,"ANAC (BDNCP, dataset CIG)",29/06/2026
Appalti,Appalti progettazione (numero),Novara,2025-05,52,gare,"ANAC (BDNCP, dataset CIG)",29/06/2026
Appalti,Appalti progettazione (numero),Novara,2025-06,46,gare,"ANAC (BDNCP, dataset CIG)",29/06/2026
Appalti,Appalti progettazione (numero),Novara,2025-07,53,gare,"ANAC (BDNCP, dataset CIG)",29/06/2026
Appalti,Appalti progettazione (numero),Novara,2025-08,24,gare,"ANAC (BDNCP, dataset CIG)",29/06/2026
Appalti,Appalti progettazione (numero),Novara,2025-09,37,gare,"ANAC (BDNCP, dataset CIG)",29/06/2026
Appalti,Appalti progettazione (numero),Novara,2025-10,49,gare,"ANAC (BDNCP, dataset CIG)",29/06/2026
Appalti,Appalti progettazione (numero),Novara,2025-11,71,gare,"ANAC (BDNCP, dataset CIG)",29/06/2026
Appalti,Appalti progettazione (numero),Novara,2025-12,74,gare,"ANAC (BDNCP, dataset CIG)",29/06/2026
Appalti,Appalti progettazione (numero),Piemonte,2024-01,32,gare,"ANAC (BDNCP, dataset CIG)",29/06/2026
Appalti,Appalti progettazione (numero),Piemonte,2024-02,121,gare,"ANAC (BDNCP, dataset CIG)",29/06/2026
Appalti,Appalti progettazione (numero),Piemonte,2024-03,139,gare,"ANAC (BDNCP, dataset CIG)",29/06/2026
Appalti,Appalti progettazione (numero),Piemonte,2024-04,149,gare,"ANAC (BDNCP, dataset CIG)",29/06/2026
Appalti,Appalti progettazione (numero),Piemonte,2024-05,164,gare,"ANAC (BDNCP, dataset CIG)",29/06/2026
Appalti,Appalti progettazione (numero),Piemonte,2024-06,383,gare,"ANAC (BDNCP, dataset CIG)",29/06/2026
Appalti,Appalti progettazione (numero),Piemonte,2024-07,602,gare,"ANAC (BDNCP, dataset CIG)",29/06/2026
Appalti,Appalti progettazione (numero),Piemonte,2024-08,369,gare,"ANAC (BDNCP, dataset CIG)",29/06/2026
Appalti,Appalti progettazione (numero),Piemonte,2024-09,449,gare,"ANAC (BDNCP, dataset CIG)",29/06/2026
Appalti,Appalti progettazione (numero),Piemonte,2024-10,753,gare,"ANAC (BDNCP, dataset CIG)",29/06/2026
Appalti,Appalti progettazione (numero),Piemonte,2024-11,504,gare,"ANAC (BDNCP, dataset CIG)",29/06/2026
Appalti,Appalti progettazione (numero),Piemonte,2024-12,722,gare,"ANAC (BDNCP, dataset CIG)",29/06/2026
Appalti,Appalti progettazione (numero),Piemonte,2025-01,446,gare,"ANAC (BDNCP, dataset CIG)",29/06/2026
Appalti,Appalti progettazione (numero),Piemonte,2025-02,476,gare,"ANAC (BDNCP, dataset CIG)",29/06/2026
Appalti,Appalti progettazione (numero),Piemonte,2025-03,491,gare,"ANAC (BDNCP, dataset CIG)",29/06/2026
Appalti,Appalti progettazione (numero),Piemonte,2025-04,580,gare,"ANAC (BDNCP, dataset CIG)",29/06/2026
Appalti,Appalti progettazione (numero),Piemonte,2025-05,669,gare,"ANAC (BDNCP, dataset CIG)",29/06/2026
Appalti,Appalti progettazione (numero),Piemonte,2025-06,688,gare,"ANAC (BDNCP, dataset CIG)",29/06/2026
Appalti,Appalti progettazione (numero),Piemonte,2025-07,630,gare,"ANAC (BDNCP, dataset CIG)",29/06/2026
Appalti,Appalti progettazione (numero),Piemonte,2025-08,356,gare,"ANAC (BDNCP, dataset CIG)",29/06/2026
Appalti,Appalti progettazione (numero),Piemonte,2025-09,489,gare,"ANAC (BDNCP, dataset CIG)",29/06/2026
Appalti,Appalti progettazione (numero),Piemonte,2025-10,681,gare,"ANAC (BDNCP, dataset CIG)",29/06/2026
Appalti,Appalti progettazione (numero),Piemonte,2025-11,582,gare,"ANAC (BDNCP, dataset CIG)",29/06/2026
Appalti,Appalti progettazione (numero),Piemonte,2025-12,988,gare,"ANAC (BDNCP, dataset CIG)",29/06/2026
Appalti,Appalti progettazione (numero),Piemonte e Valle d'Aosta,2024-01,33,gare,"ANAC (BDNCP, dataset CIG)",29/06/2026
Appalti,Appalti progettazione (numero),Piemonte e Valle d'Aosta,2024-02,129,gare,"ANAC (BDNCP, dataset CIG)",29/06/2026
Appalti,Appalti progettazione (numero),Piemonte e Valle d'Aosta,2024-03,146,gare,"ANAC (BDNCP, dataset CIG)",29/06/2026
Appalti,Appalti progettazione (numero),Piemonte e Valle d'Aosta,2024-04,159,gare,"ANAC (BDNCP, dataset CIG)",29/06/2026
Appalti,Appalti progettazione (numero),Piemonte e Valle d'Aosta,2024-05,165,gare,"ANAC (BDNCP, dataset CIG)",29/06/2026
Appalti,Appalti progettazione (numero),Piemonte e Valle d'Aosta,2024-06,456,gare,"ANAC (BDNCP, dataset CIG)",29/06/2026
Appalti,Appalti progettazione (numero),Piemonte e Valle d'Aosta,2024-07,683,gare,"ANAC (BDNCP, dataset CIG)",29/06/2026
Appalti,Appalti progettazione (numero),Piemonte e Valle d'Aosta,2024-08,444,gare,"ANAC (BDNCP, dataset CIG)",29/06/2026
Appalti,Appalti progettazione (numero),Piemonte e Valle d'Aosta,2024-09,537,gare,"ANAC (BDNCP, dataset CIG)",29/06/2026
Appalti,Appalti progettazione (numero),Piemonte e Valle d'Aosta,2024-10,862,gare,"ANAC (BDNCP, dataset CIG)",29/06/2026
Appalti,Appalti progettazione (numero),Piemonte e Valle d'Aosta,2024-11,614,gare,"ANAC (BDNCP, dataset CIG)",29/06/2026
Appalti,Appalti progettazione (numero),Piemonte e Valle d'Aosta,2024-12,876,gare,"ANAC (BDNCP, dataset CIG)",29/06/2026
Appalti,Appalti progettazione (numero),Piemonte e Valle d'Aosta,2025-01,483,gare,"ANAC (BDNCP, dataset CIG)",29/06/2026
Appalti,Appalti progettazione (numero),Piemonte e Valle d'Aosta,2025-02,523,gare,"ANAC (BDNCP, dataset CIG)",29/06/2026
Appalti,Appalti progettazione (numero),Piemonte e Valle d'Aosta,2025-03,564,gare,"ANAC (BDNCP, dataset CIG)",29/06/2026
Appalti,Appalti progettazione (numero),Piemonte e Valle d'Aosta,2025-04,661,gare,"ANAC (BDNCP, dataset CIG)",29/06/2026
Appalti,Appalti progettazione (numero),Piemonte e Valle d'Aosta,2025-05,766,gare,"ANAC (BDNCP, dataset CIG)",29/06/2026
Appalti,Appalti progettazione (numero),Piemonte e Valle d'Aosta,2025-06,785,gare,"ANAC (BDNCP, dataset CIG)",29/06/2026
Appalti,Appalti progettazione (numero),Piemonte e Valle d'Aosta,2025-07,748,gare,"ANAC (BDNCP, dataset CIG)",29/06/2026
Appalti,Appalti progettazione (numero),Piemonte e Valle d'Aosta,2025-08,441,gare,"ANAC (BDNCP, dataset CIG)",29/06/2026
Appalti,Appalti progettazione (numero),Piemonte e Valle d'Aosta,2025-09,593,gare,"ANAC (BDNCP, dataset CIG)",29/06/2026
Appalti,Appalti progettazione (numero),Piemonte e Valle d'Aosta,2025-10,781,gare,"ANAC (BDNCP, dataset CIG)",29/06/2026
Appalti,Appalti progettazione (numero),Piemonte e Valle d'Aosta,2025-11,669,gare,"ANAC (BDNCP, dataset CIG)",29/06/2026
Appalti,Appalti progettazione (numero),Piemonte e Valle d'Aosta,2025-12,1154,gare,"ANAC (BDNCP, dataset CIG)",29/06/2026
Appalti,Appalti progettazione (numero),Torino,2024-01,12,gare,"ANAC (BDNCP, dataset CIG)",29/06/2026
Appalti,Appalti progettazione (numero),Torino,2024-02,51,gare,"ANAC (BDNCP, dataset CIG)",29/06/2026
Appalti,Appalti progettazione (numero),Torino,2024-03,74,gare,"ANAC (BDNCP, dataset CIG)",29/06/2026
Appalti,Appalti progettazione (numero),Torino,2024-04,73,gare,"ANAC (BDNCP, dataset CIG)",29/06/2026
Appalti,Appalti progettazione (numero),Torino,2024-05,93,gare,"ANAC (BDNCP, dataset CIG)",29/06/2026
Appalti,Appalti progettazione (numero),Torino,2024-06,180,gare,"ANAC (BDNCP, dataset CIG)",29/06/2026
Appalti,Appalti progettazione (numero),Torino,2024-07,286,gare,"ANAC (BDNCP, dataset CIG)",29/06/2026
Appalti,Appalti progettazione (numero),Torino,2024-08,155,gare,"ANAC (BDNCP, dataset CIG)",29/06/2026
Appalti,Appalti progettazione (numero),Torino,2024-09,198,gare,"ANAC (BDNCP, dataset CIG)",29/06/2026
Appalti,Appalti progettazione (numero),Torino,2024-10,299,gare,"ANAC (BDNCP, dataset CIG)",29/06/2026
Appalti,Appalti progettazione (numero),Torino,2024-11,222,gare,"ANAC (BDNCP, dataset CIG)",29/06/2026
Appalti,Appalti progettazione (numero),Torino,2024-12,319,gare,"ANAC (BDNCP, dataset CIG)",29/06/2026
Appalti,Appalti progettazione (numero),Torino,2025-01,188,gare,"ANAC (BDNCP, dataset CIG)",29/06/2026
Appalti,Appalti progettazione (numero),Torino,2025-02,189,gare,"ANAC (BDNCP, dataset CIG)",29/06/2026
Appalti,Appalti progettazione (numero),Torino,2025-03,210,gare,"ANAC (BDNCP, dataset CIG)",29/06/2026
Appalti,Appalti progettazione (numero),Torino,2025-04,268,gare,"ANAC (BDNCP, dataset CIG)",29/06/2026
Appalti,Appalti progettazione (numero),Torino,2025-05,288,gare,"ANAC (BDNCP, dataset CIG)",29/06/2026
Appalti,Appalti progettazione (numero),Torino,2025-06,271,gare,"ANAC (BDNCP, dataset CIG)",29/06/2026
Appalti,Appalti progettazione (numero),Torino,2025-07,269,gare,"ANAC (BDNCP, dataset CIG)",29/06/2026
Appalti,Appalti progettazione (numero),Torino,2025-08,190,gare,"ANAC (BDNCP, dataset CIG)",29/06/2026
Appalti,Appalti progettazione (numero),Torino,2025-09,277,gare,"ANAC (BDNCP, dataset CIG)",29/06/2026
Appalti,Appalti progettazione (numero),Torino,2025-10,343,gare,"ANAC (BDNCP, dataset CIG)",29/06/2026
Appalti,Appalti progettazione (numero),Torino,2025-11,283,gare,"ANAC (BDNCP, dataset CIG)",29/06/2026
Appalti,Appalti progettazione (numero),Torino,2025-12,423,gare,"ANAC (BDNCP, dataset CIG)",29/06/2026
Appalti,Appalti progettazione (numero),Verbania,2024-02,8,gare,"ANAC (BDNCP, dataset CIG)",29/06/2026
Appalti,Appalti progettazione (numero),Verbania,2024-03,3,gare,"ANAC (BDNCP, dataset CIG)",29/06/2026
Appalti,Appalti progettazione (numero),Verbania,2024-04,4,gare,"ANAC (BDNCP, dataset CIG)",29/06/2026
Appalti,Appalti progettazione (numero),Verbania,2024-05,7,gare,"ANAC (BDNCP, dataset CIG)",29/06/2026
Appalti,Appalti progettazione (numero),Verbania,2024-06,22,gare,"ANAC (BDNCP, dataset CIG)",29/06/2026
Appalti,Appalti progettazione (numero),Verbania,2024-07,18,gare,"ANAC (BDNCP, dataset CIG)",29/06/2026
Appalti,Appalti progettazione (numero),Verbania,2024-08,17,gare,"ANAC (BDNCP, dataset CIG)",29/06/2026
Appalti,Appalti progettazione (numero),Verbania,2024-09,24,gare,"ANAC (BDNCP, dataset CIG)",29/06/2026
Appalti,Appalti progettazione (numero),Verbania,2024-10,42,gare,"ANAC (BDNCP, dataset CIG)",29/06/2026
Appalti,Appalti progettazione (numero),Verbania,2024-11,28,gare,"ANAC (BDNCP, dataset CIG)",29/06/2026
Appalti,Appalti progettazione (numero),Verbania,2024-12,52,gare,"ANAC (BDNCP, dataset CIG)",29/06/2026
Appalti,Appalti progettazione (numero),Verbania,2025-01,33,gare,"ANAC (BDNCP, dataset CIG)",29/06/2026
Appalti,Appalti progettazione (numero),Verbania,2025-02,20,gare,"ANAC (BDNCP, dataset CIG)",29/06/2026
Appalti,Appalti progettazione (numero),Verbania,2025-03,30,gare,"ANAC (BDNCP, dataset CIG)",29/06/2026
Appalti,Appalti progettazione (numero),Verbania,2025-04,30,gare,"ANAC (BDNCP, dataset CIG)",29/06/2026
Appalti,Appalti progettazione (numero),Verbania,2025-05,45,gare,"ANAC (BDNCP, dataset CIG)",29/06/2026
Appalti,Appalti progettazione (numero),Verbania,2025-06,55,gare,"ANAC (BDNCP, dataset CIG)",29/06/2026
Appalti,Appalti progettazione (numero),Verbania,2025-07,37,gare,"ANAC (BDNCP, dataset CIG)",29/06/2026
Appalti,Appalti progettazione (numero),Verbania,2025-08,16,gare,"ANAC (BDNCP, dataset CIG)",29/06/2026
Appalti,Appalti progettazione (numero),Verbania,2025-09,17,gare,"ANAC (BDNCP, dataset CIG)",29/06/2026
Appalti,Appalti progettazione (numero),Verbania,2025-10,35,gare,"ANAC (BDNCP, dataset CIG)",29/06/2026
Appalti,Appalti progettazione (numero),Verbania,2025-11,26,gare,"ANAC (BDNCP, dataset CIG)",29/06/2026
Appalti,Appalti progettazione (numero),Verbania,2025-12,65,gare,"ANAC (BDNCP, dataset CIG)",29/06/2026
Appalti,Appalti progettazione (numero),Vercelli,2024-01,5,gare,"ANAC (BDNCP, dataset CIG)",29/06/2026
Appalti,Appalti progettazione (numero),Vercelli,2024-02,4,gare,"ANAC (BDNCP, dataset CIG)",29/06/2026
Appalti,Appalti progettazione (numero),Vercelli,2024-03,2,gare,"ANAC (BDNCP, dataset CIG)",29/06/2026
Appalti,Appalti progettazione (numero),Vercelli,2024-04,3,gare,"ANAC (BDNCP, dataset CIG)",29/06/2026
Appalti,Appalti progettazione (numero),Vercelli,2024-05,4,gare,"ANAC (BDNCP, dataset CIG)",29/06/2026
Appalti,Appalti progettazione (numero),Vercelli,2024-06,23,gare,"ANAC (BDNCP, dataset CIG)",29/06/2026
Appalti,Appalti progettazione (numero),Vercelli,2024-07,29,gare,"ANAC (BDNCP, dataset CIG)",29/06/2026
Appalti,Appalti progettazione (numero),Vercelli,2024-08,19,gare,"ANAC (BDNCP, dataset CIG)",29/06/2026
Appalti,Appalti progettazione (numero),Vercelli,2024-09,29,gare,"ANAC (BDNCP, dataset CIG)",29/06/2026
Appalti,Appalti progettazione (numero),Vercelli,2024-10,33,gare,"ANAC (BDNCP, dataset CIG)",29/06/2026
Appalti,Appalti progettazione (numero),Vercelli,2024-11,32,gare,"ANAC (BDNCP, dataset CIG)",29/06/2026
Appalti,Appalti progettazione (numero),Vercelli,2024-12,43,gare,"ANAC (BDNCP, dataset CIG)",29/06/2026
Appalti,Appalti progettazione (numero),Vercelli,2025-01,29,gare,"ANAC (BDNCP, dataset CIG)",29/06/2026
Appalti,Appalti progettazione (numero),Vercelli,2025-02,38,gare,"ANAC (BDNCP, dataset CIG)",29/06/2026
Appalti,Appalti progettazione (numero),Vercelli,2025-03,31,gare,"ANAC (BDNCP, dataset CIG)",29/06/2026
Appalti,Appalti progettazione (numero),Vercelli,2025-04,17,gare,"ANAC (BDNCP, dataset CIG)",29/06/2026
Appalti,Appalti progettazione (numero),Vercelli,2025-05,35,gare,"ANAC (BDNCP, dataset CIG)",29/06/2026
Appalti,Appalti progettazione (numero),Vercelli,2025-06,36,gare,"ANAC (BDNCP, dataset CIG)",29/06/2026
Appalti,Appalti progettazione (numero),Vercelli,2025-07,37,gare,"ANAC (BDNCP, dataset CIG)",29/06/2026
Appalti,Appalti progettazione (numero),Vercelli,2025-08,17,gare,"ANAC (BDNCP, dataset CIG)",29/06/2026
Appalti,Appalti progettazione (numero),Vercelli,2025-09,18,gare,"ANAC (BDNCP, dataset CIG)",29/06/2026
Appalti,Appalti progettazione (numero),Vercelli,2025-10,45,gare,"ANAC (BDNCP, dataset CIG)",29/06/2026
Appalti,Appalti progettazione (numero),Vercelli,2025-11,28,gare,"ANAC (BDNCP, dataset CIG)",29/06/2026
Appalti,Appalti progettazione (numero),Vercelli,2025-12,52,gare,"ANAC (BDNCP, dataset CIG)",29/06/2026
